1,1,10248,2007-02-09
2,55,4248,2007-02-09
3,95,1368,2007-03-12
4,69,1738,2008-04-09
5,71,350,2008-04-09
6,72,351,2008-04-09
7,74,368,2008-04-09
8,75,367,2008-04-09
9,76,351,2008-04-09
10,77,341,2008-04-09
11,79,1528,2008-04-09
12,82,342,2008-04-09
13,83,341,2008-04-09
14,84,348,2008-04-09
15,85,3168,2008-04-09
16,87,1708,2008-04-09
17,88,2968,2008-04-09
18,90,1528,2008-04-09
19,91,1568,2008-04-09
20,96,343,2007-03-12
21,93,365,2008-04-09
22,94,361,2008-04-09
23,95,1428,2008-04-09
24,96,342,2008-04-09
25,97,339,2008-04-09
26,97,355,2007-03-12
27,99,352,2008-04-09
28,100,3118,2008-04-09
29,101,1968,2008-04-09
30,102,1928,2008-04-09
31,104,1688,2008-04-09
32,106,1738,2008-04-09
33,107,341,2008-04-09
34,108,349,2008-04-09
35,99,369,2007-03-12
36,109,1508,2008-04-09
37,100,3018,2007-03-12
38,101,1908,2007-03-12
39,112,348,2008-04-09
40,113,342,2008-04-09
41,114,3198,2008-04-09
42,102,1828,2007-03-12
43,116,1668,2008-04-09
44,117,347,2008-04-09
45,119,1368,2008-04-09
46,121,359,2008-04-09
47,122,363,2008-04-09
48,123,3348,2008-04-09
49,124,1598,2008-04-09
50,125,1938,2008-04-09
51,126,1998,2008-04-09
52,127,1638,2008-04-09
53,128,1568,2008-04-09
54,129,351,2008-04-09
55,130,355,2008-04-09
56,131,1318,2008-04-09
57,133,343,2008-04-09
58,134,340,2008-04-09
59,135,2878,2008-04-09
60,104,1628,2007-03-12
61,136,1528,2008-04-09
62,137,341,2008-04-09
63,138,3028,2008-04-09
64,139,1528,2008-04-09
65,140,345,2008-04-09
66,141,1448,2008-04-09
67,142,342,2008-04-09
68,106,1698,2007-03-12
69,143,2868,2008-04-09
70,145,1718,2008-04-09
71,147,3138,2008-04-09
72,148,1648,2008-04-09
73,149,255,2008-04-09
74,150,1388,2008-04-09
75,151,3048,2008-04-09
76,152,1638,2008-04-09
77,153,58,2008-04-09
78,155,1378,2008-04-09
79,156,59,2008-04-09
80,157,3338,2008-04-09
81,158,1658,2008-04-09
82,160,1598,2008-04-09
83,161,1668,2008-04-09
84,162,57,2008-04-09
85,107,343,2007-03-12
86,163,57,2008-04-09
87,164,60,2008-04-09
88,108,355,2007-03-12
89,166,1408,2008-04-09
90,168,59,2008-04-09
91,169,57,2008-04-09
92,170,58,2008-04-09
93,172,2638,2008-04-09
94,173,1908,2008-04-09
95,109,1458,2007-03-12
96,174,1608,2008-04-09
97,175,1628,2008-04-09
98,176,59,2008-04-09
99,177,56,2008-04-09
100,178,1758,2008-04-09
101,179,56,2008-04-09
102,180,58,2008-04-09
103,181,57,2008-04-09
104,182,3358,2008-04-09
105,183,1598,2008-04-09
106,184,2668,2008-04-09
107,185,1648,2008-04-09
108,187,59,2008-04-09
109,188,56,2008-04-09
110,189,56,2008-04-09
111,190,1368,2008-04-09
112,191,58,2008-04-09
113,192,58,2008-04-09
114,193,3008,2008-04-09
115,194,1918,2008-04-09
116,195,1978,2008-04-09
117,196,1778,2008-04-09
118,197,1598,2008-04-09
119,198,1698,2008-04-09
120,199,59,2008-04-09
121,200,57,2008-04-09
122,202,58,2008-04-09
123,203,56,2008-04-09
124,205,1708,2008-04-09
125,4,59,2008-04-09
126,5,59,2008-04-09
127,6,56,2008-04-09
128,7,3048,2008-04-09
129,8,1848,2008-04-09
130,9,1988,2008-04-09
131,10,1758,2008-04-09
132,112,345,2007-03-12
133,11,1678,2008-04-09
134,12,56,2008-04-09
135,13,58,2008-04-09
136,113,363,2007-03-12
137,14,1628,2008-04-09
138,15,60,2008-04-09
139,16,57,2008-04-09
140,17,2738,2008-04-09
141,114,3158,2007-03-12
142,18,1618,2008-04-09
143,20,1408,2008-04-09
144,22,3418,2008-04-09
145,23,1728,2008-04-09
146,24,57,2008-04-09
147,1,10458,2008-05-10
148,43,5038,2008-05-10
149,132,6358,2008-05-10
150,146,6258,2008-05-10
151,167,3678,2008-05-10
152,186,3398,2008-05-10
153,2,6928,2008-05-10
154,19,3958,2008-05-10
155,25,3928,2008-05-10
156,27,3548,2008-05-10
157,28,3928,2008-05-10
158,29,4558,2008-05-10
159,30,3508,2008-05-10
160,35,3658,2008-05-10
161,38,3888,2008-05-10
162,42,3918,2008-05-10
163,52,4298,2008-05-10
164,55,4568,2008-05-10
165,57,4098,2008-05-10
166,60,3548,2008-05-10
167,62,4468,2008-05-10
168,63,3608,2008-05-10
169,67,4318,2008-05-10
170,68,3788,2008-05-10
171,70,4418,2008-05-10
172,73,3428,2008-05-10
173,78,4228,2008-05-10
174,80,3888,2008-05-10
175,81,3618,2008-05-10
176,86,4498,2008-05-10
177,89,4128,2008-05-10
178,92,3638,2008-05-10
179,98,4478,2008-05-10
180,103,4888,2008-05-10
181,105,5328,2008-05-10
182,110,6158,2008-05-10
183,111,7478,2008-05-10
184,115,6128,2008-05-10
185,118,7218,2008-05-10
186,120,2808,2008-05-10
187,144,1748,2008-05-10
188,154,350,2008-05-10
189,159,356,2008-05-10
190,165,350,2008-05-10
191,171,1578,2008-05-10
192,201,366,2008-05-10
193,204,360,2008-05-10
194,3,3188,2008-05-10
195,116,1648,2007-03-12
196,21,1578,2008-05-10
197,26,357,2008-05-10
198,57,3808,2007-02-09
199,31,3258,2008-05-10
200,32,1638,2008-05-10
201,33,1938,2008-05-10
202,34,1848,2008-05-10
203,36,1558,2008-05-10
204,37,1708,2008-05-10
205,39,340,2008-05-10
206,40,352,2008-05-10
207,41,338,2008-05-10
208,44,1548,2008-05-10
209,45,362,2008-05-10
210,46,338,2008-05-10
211,47,2938,2008-05-10
212,48,1748,2008-05-10
213,49,3398,2008-05-10
214,50,1738,2008-05-10
215,51,1638,2008-05-10
216,53,1548,2008-05-10
217,54,1638,2008-05-10
218,56,348,2008-05-10
219,117,346,2007-03-12
220,58,363,2008-05-10
221,59,343,2008-05-10
222,61,1358,2008-05-10
223,64,360,2008-05-10
224,65,360,2008-05-10
225,66,2978,2008-05-10
226,69,1738,2008-05-10
227,119,1338,2007-03-12
228,71,351,2008-05-10
229,72,353,2008-05-10
230,74,352,2008-05-10
231,75,364,2008-05-10
232,76,359,2008-05-10
233,77,361,2008-05-10
234,79,1528,2008-05-10
235,82,358,2008-05-10
236,83,360,2008-05-10
237,84,339,2008-05-10
238,85,3168,2008-05-10
239,87,1708,2008-05-10
240,88,2968,2008-05-10
241,90,1528,2008-05-10
242,91,1568,2008-05-10
243,93,355,2008-05-10
244,94,351,2008-05-10
245,95,1428,2008-05-10
246,96,349,2008-05-10
247,97,346,2008-05-10
248,99,354,2008-05-10
249,100,3118,2008-05-10
250,101,1968,2008-05-10
251,102,1928,2008-05-10
252,104,1688,2008-05-10
253,106,1738,2008-05-10
254,121,341,2007-03-12
255,122,353,2007-03-12
256,107,368,2008-05-10
257,108,365,2008-05-10
258,109,1508,2008-05-10
259,112,349,2008-05-10
260,113,368,2008-05-10
261,114,3198,2008-05-10
262,116,1668,2008-05-10
263,117,357,2008-05-10
264,119,1368,2008-05-10
265,123,3248,2007-03-12
266,121,341,2008-05-10
267,122,346,2008-05-10
268,124,1548,2007-03-12
269,123,3348,2008-05-10
270,124,1598,2008-05-10
271,125,1938,2008-05-10
272,126,1998,2008-05-10
273,125,1818,2007-03-12
274,127,1638,2008-05-10
275,126,1978,2007-03-12
276,128,1568,2008-05-10
277,129,341,2008-05-10
278,130,347,2008-05-10
279,131,1318,2008-05-10
280,133,365,2008-05-10
281,134,341,2008-05-10
282,135,2878,2008-05-10
283,136,1528,2008-05-10
284,137,344,2008-05-10
285,138,3028,2008-05-10
286,139,1528,2008-05-10
287,140,342,2008-05-10
288,141,1448,2008-05-10
289,142,363,2008-05-10
290,143,2868,2008-05-10
291,145,1718,2008-05-10
292,127,1618,2007-03-12
293,147,3138,2008-05-10
294,148,1648,2008-05-10
295,149,247,2008-05-10
296,150,1388,2008-05-10
297,151,3048,2008-05-10
298,152,1638,2008-05-10
299,128,1548,2007-03-12
300,153,58,2008-05-10
301,155,1378,2008-05-10
302,156,58,2008-05-10
303,157,3338,2008-05-10
304,158,1658,2008-05-10
305,160,1598,2008-05-10
306,161,1668,2008-05-10
307,162,57,2008-05-10
308,163,58,2008-05-10
309,164,57,2008-05-10
310,166,1408,2008-05-10
311,168,59,2008-05-10
312,169,56,2008-05-10
313,170,57,2008-05-10
314,172,2638,2008-05-10
315,173,1908,2008-05-10
316,129,364,2007-03-12
317,174,1608,2008-05-10
318,175,1628,2008-05-10
319,176,58,2008-05-10
320,177,57,2008-05-10
321,178,1758,2008-05-10
322,179,58,2008-05-10
323,180,60,2008-05-10
324,181,59,2008-05-10
325,182,3358,2008-05-10
326,183,1598,2008-05-10
327,184,2668,2008-05-10
328,185,1648,2008-05-10
329,187,56,2008-05-10
330,188,57,2008-05-10
331,189,56,2008-05-10
332,130,352,2007-03-12
333,190,1368,2008-05-10
334,191,60,2008-05-10
335,192,57,2008-05-10
336,193,3008,2008-05-10
337,194,1918,2008-05-10
338,195,1978,2008-05-10
339,196,1778,2008-05-10
340,197,1598,2008-05-10
341,198,1698,2008-05-10
342,199,56,2008-05-10
343,200,58,2008-05-10
344,202,57,2008-05-10
345,203,58,2008-05-10
346,131,1208,2007-03-12
347,205,1708,2008-05-10
348,4,60,2008-05-10
349,5,56,2008-05-10
350,6,56,2008-05-10
351,7,3048,2008-05-10
352,8,1848,2008-05-10
353,9,1988,2008-05-10
354,10,1758,2008-05-10
355,11,1678,2008-05-10
356,12,59,2008-05-10
357,13,56,2008-05-10
358,14,1628,2008-05-10
359,15,59,2008-05-10
360,16,57,2008-05-10
361,17,2738,2008-05-10
362,18,1618,2008-05-10
363,20,1408,2008-05-10
364,22,3418,2008-05-10
365,23,1728,2008-05-10
366,60,3438,2007-02-09
367,24,60,2008-05-10
368,133,364,2007-03-12
369,1,10458,2008-06-09
370,43,5038,2008-06-09
371,132,6358,2008-06-09
372,146,6258,2008-06-09
373,167,3678,2008-06-09
374,186,3398,2008-06-09
375,2,6928,2008-06-09
376,19,3958,2008-06-09
377,25,3928,2008-06-09
378,27,3548,2008-06-09
379,28,3928,2008-06-09
380,29,4558,2008-06-09
381,30,3508,2008-06-09
382,35,3658,2008-06-09
383,38,3888,2008-06-09
384,42,3918,2008-06-09
385,52,4298,2008-06-09
386,55,4568,2008-06-09
387,57,4098,2008-06-09
388,60,3548,2008-06-09
389,62,4468,2008-06-09
390,63,3608,2008-06-09
391,67,4318,2008-06-09
392,68,3788,2008-06-09
393,70,4418,2008-06-09
394,73,3428,2008-06-09
395,78,4228,2008-06-09
396,80,3888,2008-06-09
397,81,3618,2008-06-09
398,86,4498,2008-06-09
399,89,4128,2008-06-09
400,92,3638,2008-06-09
401,134,355,2007-03-12
402,98,4478,2008-06-09
403,103,4888,2008-06-09
404,105,5328,2008-06-09
405,110,6158,2008-06-09
406,111,7478,2008-06-09
407,115,6128,2008-06-09
408,118,7218,2008-06-09
409,120,2808,2008-06-09
410,144,1748,2008-06-09
411,154,349,2008-06-09
412,159,351,2008-06-09
413,165,348,2008-06-09
414,171,1578,2008-06-09
415,201,358,2008-06-09
416,204,343,2008-06-09
417,3,3188,2008-06-09
418,135,2668,2007-03-12
419,21,1578,2008-06-09
420,136,1458,2007-03-12
421,26,360,2008-06-09
422,137,342,2007-03-12
423,138,2958,2007-03-12
424,31,3258,2008-06-09
425,32,1638,2008-06-09
426,33,1938,2008-06-09
427,34,1848,2008-06-09
428,36,1558,2008-06-09
429,37,1708,2008-06-09
430,39,339,2008-06-09
431,40,362,2008-06-09
432,41,347,2008-06-09
433,139,1478,2007-03-12
434,44,1548,2008-06-09
435,45,346,2008-06-09
436,46,355,2008-06-09
437,47,2938,2008-06-09
438,48,1748,2008-06-09
439,49,3398,2008-06-09
440,50,1738,2008-06-09
441,51,1638,2008-06-09
442,140,366,2007-03-12
443,53,1548,2008-06-09
444,54,1638,2008-06-09
445,56,369,2008-06-09
446,58,345,2008-06-09
447,59,369,2008-06-09
448,61,1358,2008-06-09
449,141,1398,2007-03-12
450,64,356,2008-06-09
451,65,351,2008-06-09
452,66,2978,2008-06-09
453,142,346,2007-03-12
454,69,1738,2008-06-09
455,71,364,2008-06-09
456,1,10248,2007-04-09
457,72,360,2008-06-09
458,74,355,2008-06-09
459,75,344,2008-06-09
460,76,345,2008-06-09
461,77,350,2008-06-09
462,43,4828,2007-04-09
463,79,1528,2008-06-09
464,132,6098,2007-04-09
465,146,5758,2007-04-09
466,82,368,2008-06-09
467,83,353,2008-06-09
468,84,358,2008-06-09
469,2,6648,2007-04-09
470,85,3168,2008-06-09
471,87,1708,2008-06-09
472,88,2968,2008-06-09
473,90,1528,2008-06-09
474,91,1568,2008-06-09
475,93,351,2008-06-09
476,94,364,2008-06-09
477,52,4248,2007-04-09
478,95,1428,2008-06-09
479,55,4248,2007-04-09
480,96,342,2008-06-09
481,97,361,2008-06-09
482,57,3808,2007-04-09
483,99,364,2008-06-09
484,100,3118,2008-06-09
485,101,1968,2008-06-09
486,102,1928,2008-06-09
487,60,3438,2007-04-09
488,104,1688,2008-06-09
489,62,4238,2007-04-09
490,106,1738,2008-06-09
491,63,3348,2007-04-09
492,107,354,2008-06-09
493,108,366,2008-06-09
494,67,4008,2007-04-09
495,109,1508,2008-06-09
496,68,3628,2007-04-09
497,70,4368,2007-04-09
498,112,340,2008-06-09
499,113,364,2008-06-09
500,114,3198,2008-06-09
501,73,3358,2007-04-09
502,78,4008,2007-04-09
503,116,1668,2008-06-09
504,80,3648,2007-04-09
505,117,346,2008-06-09
506,81,3538,2007-04-09
507,119,1368,2008-06-09
508,86,4318,2007-04-09
509,121,361,2008-06-09
510,122,352,2008-06-09
511,89,4038,2007-04-09
512,123,3348,2008-06-09
513,124,1598,2008-06-09
514,125,1938,2008-06-09
515,126,1998,2008-06-09
516,92,3348,2007-04-09
517,127,1638,2008-06-09
518,128,1568,2008-06-09
519,103,4688,2007-04-09
520,129,349,2008-06-09
521,130,364,2008-06-09
522,110,5968,2007-04-09
523,131,1318,2008-06-09
524,111,6878,2007-04-09
525,133,365,2008-06-09
526,134,340,2008-06-09
527,135,2878,2008-06-09
528,120,2668,2007-04-09
529,136,1528,2008-06-09
530,137,359,2008-06-09
531,138,3028,2008-06-09
532,139,1528,2008-06-09
533,140,344,2008-06-09
534,141,1448,2008-06-09
535,142,365,2008-06-09
536,143,2868,2008-06-09
537,145,1718,2008-06-09
538,147,3138,2008-06-09
539,148,1648,2008-06-09
540,149,242,2008-06-09
541,150,1388,2008-06-09
542,144,1678,2007-04-09
543,151,3048,2008-06-09
544,152,1638,2008-06-09
545,153,55,2008-06-09
546,155,1378,2008-06-09
547,156,54,2008-06-09
548,157,3338,2008-06-09
549,158,1658,2008-06-09
550,160,1598,2008-06-09
551,161,1668,2008-06-09
552,162,54,2008-06-09
553,163,54,2008-06-09
554,164,54,2008-06-09
555,166,1408,2008-06-09
556,168,53,2008-06-09
557,169,56,2008-06-09
558,170,55,2008-06-09
559,172,2638,2008-06-09
560,173,1908,2008-06-09
561,154,363,2007-04-09
562,174,1608,2008-06-09
563,175,1628,2008-06-09
564,159,363,2007-04-09
565,176,56,2008-06-09
566,177,54,2008-06-09
567,178,1758,2008-06-09
568,179,56,2008-06-09
569,180,56,2008-06-09
570,165,345,2007-04-09
571,181,53,2008-06-09
572,182,3358,2008-06-09
573,183,1598,2008-06-09
574,184,2668,2008-06-09
575,185,1648,2008-06-09
576,171,1558,2007-04-09
577,187,56,2008-06-09
578,188,56,2008-06-09
579,189,54,2008-06-09
580,190,1368,2008-06-09
581,191,53,2008-06-09
582,192,56,2008-06-09
583,193,3008,2008-06-09
584,194,1918,2008-06-09
585,195,1978,2008-06-09
586,196,1778,2008-06-09
587,197,1598,2008-06-09
588,198,1698,2008-06-09
589,199,55,2008-06-09
590,200,55,2008-06-09
591,202,53,2008-06-09
592,203,55,2008-06-09
593,62,4238,2007-02-09
594,205,1708,2008-06-09
595,4,55,2008-06-09
596,5,56,2008-06-09
597,6,55,2008-06-09
598,7,3048,2008-06-09
599,8,1848,2008-06-09
600,9,1988,2008-06-09
601,10,1758,2008-06-09
602,11,1678,2008-06-09
603,12,53,2008-06-09
604,13,53,2008-06-09
605,14,1628,2008-06-09
606,15,53,2008-06-09
607,16,54,2008-06-09
608,17,2738,2008-06-09
609,201,345,2007-04-09
610,204,347,2007-04-09
611,18,1618,2008-06-09
612,3,3088,2007-04-09
613,20,1408,2008-06-09
614,22,3418,2008-06-09
615,23,1728,2008-06-09
616,24,55,2008-06-09
617,1,10458,2008-07-10
618,43,5038,2008-07-10
619,132,6358,2008-07-10
620,146,6258,2008-07-10
621,167,3678,2008-07-10
622,186,3398,2008-07-10
623,2,6928,2008-07-10
624,19,3958,2008-07-10
625,25,3928,2008-07-10
626,27,3548,2008-07-10
627,28,3928,2008-07-10
628,29,4558,2008-07-10
629,30,3508,2008-07-10
630,35,3658,2008-07-10
631,38,3888,2008-07-10
632,42,3918,2008-07-10
633,52,4298,2008-07-10
634,55,4568,2008-07-10
635,57,4098,2008-07-10
636,60,3548,2008-07-10
637,62,4468,2008-07-10
638,63,3608,2008-07-10
639,67,4318,2008-07-10
640,68,3788,2008-07-10
641,70,4418,2008-07-10
642,73,3428,2008-07-10
643,78,4228,2008-07-10
644,80,3888,2008-07-10
645,81,3618,2008-07-10
646,86,4498,2008-07-10
647,89,4128,2008-07-10
648,92,3638,2008-07-10
649,98,4478,2008-07-10
650,103,4888,2008-07-10
651,105,5328,2008-07-10
652,110,6158,2008-07-10
653,111,7478,2008-07-10
654,115,6128,2008-07-10
655,118,7218,2008-07-10
656,120,2808,2008-07-10
657,21,1538,2007-04-09
658,144,1748,2008-07-10
659,154,343,2008-07-10
660,159,367,2008-07-10
661,165,342,2008-07-10
662,171,1578,2008-07-10
663,201,355,2008-07-10
664,204,339,2008-07-10
665,3,3188,2008-07-10
666,21,1578,2008-07-10
667,26,344,2008-07-10
668,26,367,2007-04-09
669,31,3258,2008-07-10
670,32,1638,2008-07-10
671,33,1938,2008-07-10
672,34,1848,2008-07-10
673,36,1558,2008-07-10
674,37,1708,2008-07-10
675,39,342,2008-07-10
676,40,338,2008-07-10
677,41,353,2008-07-10
678,44,1548,2008-07-10
679,45,351,2008-07-10
680,46,368,2008-07-10
681,47,2938,2008-07-10
682,48,1748,2008-07-10
683,49,3398,2008-07-10
684,50,1738,2008-07-10
685,51,1638,2008-07-10
686,53,1548,2008-07-10
687,54,1638,2008-07-10
688,56,357,2008-07-10
689,58,352,2008-07-10
690,59,358,2008-07-10
691,61,1358,2008-07-10
692,64,338,2008-07-10
693,65,354,2008-07-10
694,66,2978,2008-07-10
695,69,1738,2008-07-10
696,71,340,2008-07-10
697,72,347,2008-07-10
698,74,368,2008-07-10
699,75,352,2008-07-10
700,76,341,2008-07-10
701,77,338,2008-07-10
702,79,1528,2008-07-10
703,82,358,2008-07-10
704,83,344,2008-07-10
705,84,349,2008-07-10
706,85,3168,2008-07-10
707,87,1708,2008-07-10
708,88,2968,2008-07-10
709,90,1528,2008-07-10
710,91,1568,2008-07-10
711,93,357,2008-07-10
712,94,345,2008-07-10
713,95,1428,2008-07-10
714,96,363,2008-07-10
715,97,353,2008-07-10
716,99,357,2008-07-10
717,100,3118,2008-07-10
718,101,1968,2008-07-10
719,102,1928,2008-07-10
720,104,1688,2008-07-10
721,106,1738,2008-07-10
722,107,367,2008-07-10
723,108,346,2008-07-10
724,109,1508,2008-07-10
725,112,364,2008-07-10
726,113,339,2008-07-10
727,114,3198,2008-07-10
728,116,1668,2008-07-10
729,117,362,2008-07-10
730,119,1368,2008-07-10
731,121,338,2008-07-10
732,122,345,2008-07-10
733,31,3218,2007-04-09
734,123,3348,2008-07-10
735,124,1598,2008-07-10
736,125,1938,2008-07-10
737,126,1998,2008-07-10
738,32,1508,2007-04-09
739,127,1638,2008-07-10
740,33,1798,2007-04-09
741,128,1568,2008-07-10
742,34,1808,2007-04-09
743,129,360,2008-07-10
744,130,359,2008-07-10
745,131,1318,2008-07-10
746,133,339,2008-07-10
747,134,339,2008-07-10
748,135,2878,2008-07-10
749,136,1528,2008-07-10
750,137,344,2008-07-10
751,138,3028,2008-07-10
752,139,1528,2008-07-10
753,140,350,2008-07-10
754,36,1458,2007-04-09
755,141,1448,2008-07-10
756,142,365,2008-07-10
757,143,2868,2008-07-10
758,37,1618,2007-04-09
759,145,1718,2008-07-10
760,147,3138,2008-07-10
761,148,1648,2008-07-10
762,149,246,2008-07-10
763,150,1388,2008-07-10
764,151,3048,2008-07-10
765,152,1638,2008-07-10
766,31,3218,2007-02-09
767,39,343,2007-04-09
768,153,55,2008-07-10
769,155,1378,2008-07-10
770,40,360,2007-04-09
771,156,54,2008-07-10
772,157,3338,2008-07-10
773,158,1658,2008-07-10
774,160,1598,2008-07-10
775,161,1668,2008-07-10
776,41,368,2007-04-09
777,162,56,2008-07-10
778,163,56,2008-07-10
779,164,55,2008-07-10
780,166,1408,2008-07-10
781,168,54,2008-07-10
782,169,53,2008-07-10
783,170,53,2008-07-10
784,172,2638,2008-07-10
785,173,1908,2008-07-10
786,63,3348,2007-02-09
787,32,1508,2007-02-09
788,174,1608,2008-07-10
789,175,1628,2008-07-10
790,176,54,2008-07-10
791,177,54,2008-07-10
792,178,1758,2008-07-10
793,179,53,2008-07-10
794,180,56,2008-07-10
795,181,53,2008-07-10
796,182,3358,2008-07-10
797,183,1598,2008-07-10
798,184,2668,2008-07-10
799,185,1648,2008-07-10
800,187,53,2008-07-10
801,188,54,2008-07-10
802,189,53,2008-07-10
803,190,1368,2008-07-10
804,191,53,2008-07-10
805,192,54,2008-07-10
806,33,1798,2007-02-09
807,193,3008,2008-07-10
808,194,1918,2008-07-10
809,195,1978,2008-07-10
810,196,1778,2008-07-10
811,197,1598,2008-07-10
812,198,1698,2008-07-10
813,199,56,2008-07-10
814,200,55,2008-07-10
815,202,56,2008-07-10
816,203,55,2008-07-10
817,44,1508,2007-04-09
818,205,1708,2008-07-10
819,4,55,2008-07-10
820,5,56,2008-07-10
821,6,53,2008-07-10
822,7,3048,2008-07-10
823,8,1848,2008-07-10
824,9,1988,2008-07-10
825,10,1758,2008-07-10
826,34,1808,2007-02-09
827,11,1678,2008-07-10
828,12,54,2008-07-10
829,13,55,2008-07-10
830,14,1628,2008-07-10
831,45,339,2007-04-09
832,15,55,2008-07-10
833,16,54,2008-07-10
834,17,2738,2008-07-10
835,18,1618,2008-07-10
836,46,359,2007-04-09
837,20,1408,2008-07-10
838,22,3418,2008-07-10
839,23,1728,2008-07-10
840,24,54,2008-07-10
841,47,2758,2007-04-09
842,1,10458,2008-08-09
843,43,5038,2008-08-09
844,132,6358,2008-08-09
845,146,6258,2008-08-09
846,167,3678,2008-08-09
847,48,1638,2007-04-09
848,186,3398,2008-08-09
849,2,6928,2008-08-09
850,19,3958,2008-08-09
851,25,3928,2008-08-09
852,27,3548,2008-08-09
853,28,3928,2008-08-09
854,29,4558,2008-08-09
855,30,3508,2008-08-09
856,35,3658,2008-08-09
857,38,3888,2008-08-09
858,42,3918,2008-08-09
859,52,4298,2008-08-09
860,55,4568,2008-08-09
861,57,4098,2008-08-09
862,60,3548,2008-08-09
863,62,4468,2008-08-09
864,63,3608,2008-08-09
865,49,3118,2007-04-09
866,67,4318,2008-08-09
867,68,3788,2008-08-09
868,70,4418,2008-08-09
869,73,3428,2008-08-09
870,78,4228,2008-08-09
871,80,3888,2008-08-09
872,81,3618,2008-08-09
873,86,4498,2008-08-09
874,89,4128,2008-08-09
875,92,3638,2008-08-09
876,50,1698,2007-04-09
877,98,4478,2008-08-09
878,103,4888,2008-08-09
879,105,5328,2008-08-09
880,110,6158,2008-08-09
881,111,7478,2008-08-09
882,51,1598,2007-04-09
883,115,6128,2008-08-09
884,118,7218,2008-08-09
885,120,2808,2008-08-09
886,144,1748,2008-08-09
887,154,361,2008-08-09
888,159,351,2008-08-09
889,165,345,2008-08-09
890,171,1578,2008-08-09
891,201,360,2008-08-09
892,204,357,2008-08-09
893,3,3188,2008-08-09
894,21,1578,2008-08-09
895,26,349,2008-08-09
896,53,1508,2007-04-09
897,31,3258,2008-08-09
898,32,1638,2008-08-09
899,33,1938,2008-08-09
900,34,1848,2008-08-09
901,54,1568,2007-04-09
902,36,1558,2008-08-09
903,37,1708,2008-08-09
904,39,366,2008-08-09
905,40,363,2008-08-09
906,41,343,2008-08-09
907,44,1548,2008-08-09
908,45,347,2008-08-09
909,46,350,2008-08-09
910,56,343,2007-04-09
911,47,2938,2008-08-09
912,48,1748,2008-08-09
913,49,3398,2008-08-09
914,50,1738,2008-08-09
915,51,1638,2008-08-09
916,53,1548,2008-08-09
917,54,1638,2008-08-09
918,56,345,2008-08-09
919,58,348,2008-08-09
920,59,366,2008-08-09
921,61,1358,2008-08-09
922,64,353,2008-08-09
923,65,347,2008-08-09
924,66,2978,2008-08-09
925,69,1738,2008-08-09
926,71,366,2008-08-09
927,58,355,2007-04-09
928,72,349,2008-08-09
929,74,346,2008-08-09
930,75,357,2008-08-09
931,76,353,2008-08-09
932,77,339,2008-08-09
933,79,1528,2008-08-09
934,82,366,2008-08-09
935,83,359,2008-08-09
936,84,364,2008-08-09
937,59,343,2007-04-09
938,85,3168,2008-08-09
939,87,1708,2008-08-09
940,88,2968,2008-08-09
941,90,1528,2008-08-09
942,91,1568,2008-08-09
943,93,339,2008-08-09
944,94,344,2008-08-09
945,95,1428,2008-08-09
946,96,352,2008-08-09
947,97,361,2008-08-09
948,61,1258,2007-04-09
949,99,369,2008-08-09
950,100,3118,2008-08-09
951,101,1968,2008-08-09
952,102,1928,2008-08-09
953,104,1688,2008-08-09
954,106,1738,2008-08-09
955,107,368,2008-08-09
956,108,365,2008-08-09
957,109,1508,2008-08-09
958,36,1458,2007-02-09
959,112,345,2008-08-09
960,113,355,2008-08-09
961,114,3198,2008-08-09
962,116,1668,2008-08-09
963,117,345,2008-08-09
964,119,1368,2008-08-09
965,121,339,2008-08-09
966,122,357,2008-08-09
967,123,3348,2008-08-09
968,124,1598,2008-08-09
969,125,1938,2008-08-09
970,126,1998,2008-08-09
971,127,1638,2008-08-09
972,128,1568,2008-08-09
973,129,363,2008-08-09
974,37,1618,2007-02-09
975,130,352,2008-08-09
976,131,1318,2008-08-09
977,64,364,2007-04-09
978,133,365,2008-08-09
979,134,350,2008-08-09
980,135,2878,2008-08-09
981,136,1528,2008-08-09
982,137,368,2008-08-09
983,138,3028,2008-08-09
984,139,1528,2008-08-09
985,65,350,2007-04-09
986,140,359,2008-08-09
987,141,1448,2008-08-09
988,142,347,2008-08-09
989,66,2948,2007-04-09
990,143,2868,2008-08-09
991,145,1718,2008-08-09
992,67,4008,2007-02-09
993,147,3138,2008-08-09
994,148,1648,2008-08-09
995,149,247,2008-08-09
996,150,1388,2008-08-09
997,151,3048,2008-08-09
998,152,1638,2008-08-09
999,153,54,2008-08-09
1000,155,1378,2008-08-09
1001,156,54,2008-08-09
1002,157,3338,2008-08-09
1003,158,1658,2008-08-09
1004,160,1598,2008-08-09
1005,161,1668,2008-08-09
1006,162,53,2008-08-09
1007,69,1598,2007-04-09
1008,163,55,2008-08-09
1009,164,53,2008-08-09
1010,166,1408,2008-08-09
1011,168,56,2008-08-09
1012,169,55,2008-08-09
1013,170,54,2008-08-09
1014,172,2638,2008-08-09
1015,173,1908,2008-08-09
1016,174,1608,2008-08-09
1017,175,1628,2008-08-09
1018,176,54,2008-08-09
1019,177,56,2008-08-09
1020,178,1758,2008-08-09
1021,179,55,2008-08-09
1022,180,56,2008-08-09
1023,181,54,2008-08-09
1024,182,3358,2008-08-09
1025,183,1598,2008-08-09
1026,184,2668,2008-08-09
1027,185,1648,2008-08-09
1028,187,53,2008-08-09
1029,71,342,2007-04-09
1030,188,56,2008-08-09
1031,189,53,2008-08-09
1032,190,1368,2008-08-09
1033,191,55,2008-08-09
1034,192,53,2008-08-09
1035,193,3008,2008-08-09
1036,194,1918,2008-08-09
1037,195,1978,2008-08-09
1038,196,1778,2008-08-09
1039,197,1598,2008-08-09
1040,198,1698,2008-08-09
1041,199,55,2008-08-09
1042,72,369,2007-04-09
1043,200,54,2008-08-09
1044,202,53,2008-08-09
1045,203,54,2008-08-09
1046,74,349,2007-04-09
1047,205,1708,2008-08-09
1048,4,54,2008-08-09
1049,75,350,2007-04-09
1050,5,55,2008-08-09
1051,6,54,2008-08-09
1052,76,364,2007-04-09
1053,7,3048,2008-08-09
1054,8,1848,2008-08-09
1055,9,1988,2008-08-09
1056,10,1758,2008-08-09
1057,77,340,2007-04-09
1058,11,1678,2008-08-09
1059,12,54,2008-08-09
1060,13,54,2008-08-09
1061,14,1628,2008-08-09
1062,15,53,2008-08-09
1063,16,55,2008-08-09
1064,17,2738,2008-08-09
1065,18,1618,2008-08-09
1066,79,1448,2007-04-09
1067,20,1408,2008-08-09
1068,22,3418,2008-08-09
1069,23,1728,2008-08-09
1070,24,56,2008-08-09
1071,1,10458,2008-09-09
1072,43,5038,2008-09-09
1073,132,6358,2008-09-09
1074,146,6258,2008-09-09
1075,167,3678,2008-09-09
1076,186,3398,2008-09-09
1077,2,6928,2008-09-09
1078,19,3958,2008-09-09
1079,25,3928,2008-09-09
1080,27,3548,2008-09-09
1081,28,3928,2008-09-09
1082,29,4558,2008-09-09
1083,30,3508,2008-09-09
1084,35,3658,2008-09-09
1085,38,3888,2008-09-09
1086,42,3918,2008-09-09
1087,52,4298,2008-09-09
1088,55,4568,2008-09-09
1089,57,4098,2008-09-09
1090,60,3548,2008-09-09
1091,62,4468,2008-09-09
1092,63,3608,2008-09-09
1093,67,4318,2008-09-09
1094,68,3788,2008-09-09
1095,70,4418,2008-09-09
1096,73,3428,2008-09-09
1097,78,4228,2008-09-09
1098,80,3888,2008-09-09
1099,81,3618,2008-09-09
1100,86,4498,2008-09-09
1101,89,4128,2008-09-09
1102,92,3638,2008-09-09
1103,98,4478,2008-09-09
1104,103,4888,2008-09-09
1105,105,5328,2008-09-09
1106,110,6158,2008-09-09
1107,111,7478,2008-09-09
1108,115,6128,2008-09-09
1109,118,7218,2008-09-09
1110,120,2808,2008-09-09
1111,144,1748,2008-09-09
1112,154,347,2008-09-09
1113,159,352,2008-09-09
1114,165,355,2008-09-09
1115,171,1578,2008-09-09
1116,201,360,2008-09-09
1117,204,367,2008-09-09
1118,3,3188,2008-09-09
1119,21,1578,2008-09-09
1120,26,339,2008-09-09
1121,82,357,2007-04-09
1122,31,3258,2008-09-09
1123,32,1638,2008-09-09
1124,33,1938,2008-09-09
1125,34,1848,2008-09-09
1126,36,1558,2008-09-09
1127,37,1708,2008-09-09
1128,39,344,2008-09-09
1129,40,357,2008-09-09
1130,41,359,2008-09-09
1131,83,357,2007-04-09
1132,84,349,2007-04-09
1133,44,1548,2008-09-09
1134,45,345,2008-09-09
1135,85,2978,2007-04-09
1136,46,354,2008-09-09
1137,47,2938,2008-09-09
1138,48,1748,2008-09-09
1139,87,1638,2007-04-09
1140,49,3398,2008-09-09
1141,50,1738,2008-09-09
1142,51,1638,2008-09-09
1143,53,1548,2008-09-09
1144,54,1638,2008-09-09
1145,88,2818,2007-04-09
1146,56,366,2008-09-09
1147,58,369,2008-09-09
1148,59,358,2008-09-09
1149,61,1358,2008-09-09
1150,64,365,2008-09-09
1151,65,363,2008-09-09
1152,66,2978,2008-09-09
1153,69,1738,2008-09-09
1154,71,346,2008-09-09
1155,72,366,2008-09-09
1156,74,364,2008-09-09
1157,75,348,2008-09-09
1158,39,359,2007-02-09
1159,90,1458,2007-04-09
1160,76,355,2008-09-09
1161,77,356,2008-09-09
1162,79,1528,2008-09-09
1163,91,1498,2007-04-09
1164,82,362,2008-09-09
1165,83,358,2008-09-09
1166,84,340,2008-09-09
1167,85,3168,2008-09-09
1168,87,1708,2008-09-09
1169,88,2968,2008-09-09
1170,90,1528,2008-09-09
1171,91,1568,2008-09-09
1172,93,353,2008-09-09
1173,94,354,2008-09-09
1174,95,1428,2008-09-09
1175,96,345,2008-09-09
1176,97,367,2008-09-09
1177,99,341,2008-09-09
1178,100,3118,2008-09-09
1179,40,351,2007-02-09
1180,101,1968,2008-09-09
1181,102,1928,2008-09-09
1182,104,1688,2008-09-09
1183,106,1738,2008-09-09
1184,107,339,2008-09-09
1185,108,357,2008-09-09
1186,109,1508,2008-09-09
1187,112,347,2008-09-09
1188,113,343,2008-09-09
1189,114,3198,2008-09-09
1190,116,1668,2008-09-09
1191,93,345,2007-04-09
1192,117,354,2008-09-09
1193,119,1368,2008-09-09
1194,68,3628,2007-02-09
1195,94,367,2007-04-09
1196,121,360,2008-09-09
1197,122,361,2008-09-09
1198,123,3348,2008-09-09
1199,124,1598,2008-09-09
1200,125,1938,2008-09-09
1201,126,1998,2008-09-09
1202,127,1638,2008-09-09
1203,128,1568,2008-09-09
1204,129,353,2008-09-09
1205,130,367,2008-09-09
1206,131,1318,2008-09-09
1207,133,352,2008-09-09
1208,134,366,2008-09-09
1209,135,2878,2008-09-09
1210,136,1528,2008-09-09
1211,137,352,2008-09-09
1212,138,3028,2008-09-09
1213,41,361,2007-02-09
1214,139,1528,2008-09-09
1215,140,348,2008-09-09
1216,141,1448,2008-09-09
1217,142,361,2008-09-09
1218,143,2868,2008-09-09
1219,145,1718,2008-09-09
1220,95,1368,2007-04-09
1221,147,3138,2008-09-09
1222,148,1648,2008-09-09
1223,149,236,2008-09-09
1224,150,1388,2008-09-09
1225,151,3048,2008-09-09
1226,152,1638,2008-09-09
1227,153,56,2008-09-09
1228,155,1378,2008-09-09
1229,156,55,2008-09-09
1230,157,3338,2008-09-09
1231,158,1658,2008-09-09
1232,160,1598,2008-09-09
1233,161,1668,2008-09-09
1234,162,55,2008-09-09
1235,96,357,2007-04-09
1236,163,54,2008-09-09
1237,164,53,2008-09-09
1238,166,1408,2008-09-09
1239,168,56,2008-09-09
1240,97,340,2007-04-09
1241,169,55,2008-09-09
1242,170,56,2008-09-09
1243,172,2638,2008-09-09
1244,173,1908,2008-09-09
1245,174,1608,2008-09-09
1246,175,1628,2008-09-09
1247,99,344,2007-04-09
1248,176,55,2008-09-09
1249,177,55,2008-09-09
1250,100,3018,2007-04-09
1251,178,1758,2008-09-09
1252,101,1908,2007-04-09
1253,102,1828,2007-04-09
1254,179,54,2008-09-09
1255,180,56,2008-09-09
1256,181,55,2008-09-09
1257,182,3358,2008-09-09
1258,183,1598,2008-09-09
1259,184,2668,2008-09-09
1260,185,1648,2008-09-09
1261,187,56,2008-09-09
1262,188,54,2008-09-09
1263,189,54,2008-09-09
1264,190,1368,2008-09-09
1265,191,54,2008-09-09
1266,192,56,2008-09-09
1267,193,3008,2008-09-09
1268,194,1918,2008-09-09
1269,195,1978,2008-09-09
1270,196,1778,2008-09-09
1271,197,1598,2008-09-09
1272,198,1698,2008-09-09
1273,199,53,2008-09-09
1274,200,53,2008-09-09
1275,202,56,2008-09-09
1276,203,54,2008-09-09
1277,205,1708,2008-09-09
1278,4,56,2008-09-09
1279,104,1628,2007-04-09
1280,5,55,2008-09-09
1281,6,55,2008-09-09
1282,7,3048,2008-09-09
1283,8,1848,2008-09-09
1284,9,1988,2008-09-09
1285,10,1758,2008-09-09
1286,106,1698,2007-04-09
1287,11,1678,2008-09-09
1288,12,55,2008-09-09
1289,13,55,2008-09-09
1290,14,1628,2008-09-09
1291,15,56,2008-09-09
1292,16,56,2008-09-09
1293,17,2738,2008-09-09
1294,18,1618,2008-09-09
1295,20,1408,2008-09-09
1296,22,3418,2008-09-09
1297,23,1728,2008-09-09
1298,24,53,2008-09-09
1299,1,10458,2008-10-10
1300,43,5038,2008-10-10
1301,132,6358,2008-10-10
1302,146,6258,2008-10-10
1303,167,3678,2008-10-10
1304,107,350,2007-04-09
1305,186,3398,2008-10-10
1306,2,6928,2008-10-10
1307,19,3958,2008-10-10
1308,25,3928,2008-10-10
1309,27,3548,2008-10-10
1310,28,3928,2008-10-10
1311,29,4558,2008-10-10
1312,30,3508,2008-10-10
1313,35,3658,2008-10-10
1314,38,3888,2008-10-10
1315,108,362,2007-04-09
1316,42,3918,2008-10-10
1317,52,4298,2008-10-10
1318,55,4568,2008-10-10
1319,57,4098,2008-10-10
1320,60,3548,2008-10-10
1321,62,4468,2008-10-10
1322,63,3608,2008-10-10
1323,67,4318,2008-10-10
1324,68,3788,2008-10-10
1325,70,4418,2008-10-10
1326,73,3428,2008-10-10
1327,78,4228,2008-10-10
1328,80,3888,2008-10-10
1329,81,3618,2008-10-10
1330,86,4498,2008-10-10
1331,89,4128,2008-10-10
1332,92,3638,2008-10-10
1333,98,4478,2008-10-10
1334,103,4888,2008-10-10
1335,105,5328,2008-10-10
1336,110,6158,2008-10-10
1337,111,7478,2008-10-10
1338,115,6128,2008-10-10
1339,118,7218,2008-10-10
1340,120,2808,2008-10-10
1341,109,1458,2007-04-09
1342,144,1748,2008-10-10
1343,154,361,2008-10-10
1344,159,342,2008-10-10
1345,165,366,2008-10-10
1346,171,1578,2008-10-10
1347,201,366,2008-10-10
1348,204,349,2008-10-10
1349,3,3188,2008-10-10
1350,21,1578,2008-10-10
1351,26,350,2008-10-10
1352,31,3258,2008-10-10
1353,32,1638,2008-10-10
1354,33,1938,2008-10-10
1355,34,1848,2008-10-10
1356,36,1558,2008-10-10
1357,37,1708,2008-10-10
1358,39,364,2008-10-10
1359,40,341,2008-10-10
1360,41,350,2008-10-10
1361,44,1548,2008-10-10
1362,45,338,2008-10-10
1363,46,367,2008-10-10
1364,47,2938,2008-10-10
1365,48,1748,2008-10-10
1366,49,3398,2008-10-10
1367,50,1738,2008-10-10
1368,51,1638,2008-10-10
1369,53,1548,2008-10-10
1370,54,1638,2008-10-10
1371,56,367,2008-10-10
1372,58,350,2008-10-10
1373,59,343,2008-10-10
1374,112,359,2007-04-09
1375,61,1358,2008-10-10
1376,113,352,2007-04-09
1377,64,364,2008-10-10
1378,65,340,2008-10-10
1379,66,2978,2008-10-10
1380,69,1738,2008-10-10
1381,114,3158,2007-04-09
1382,71,367,2008-10-10
1383,72,346,2008-10-10
1384,74,343,2008-10-10
1385,75,349,2008-10-10
1386,76,340,2008-10-10
1387,77,355,2008-10-10
1388,79,1528,2008-10-10
1389,82,353,2008-10-10
1390,83,345,2008-10-10
1391,84,369,2008-10-10
1392,85,3168,2008-10-10
1393,87,1708,2008-10-10
1394,88,2968,2008-10-10
1395,70,4368,2007-02-09
1396,90,1528,2008-10-10
1397,91,1568,2008-10-10
1398,93,364,2008-10-10
1399,94,355,2008-10-10
1400,95,1428,2008-10-10
1401,96,353,2008-10-10
1402,97,343,2008-10-10
1403,99,352,2008-10-10
1404,100,3118,2008-10-10
1405,101,1968,2008-10-10
1406,102,1928,2008-10-10
1407,104,1688,2008-10-10
1408,106,1738,2008-10-10
1409,107,360,2008-10-10
1410,108,339,2008-10-10
1411,109,1508,2008-10-10
1412,112,362,2008-10-10
1413,113,366,2008-10-10
1414,114,3198,2008-10-10
1415,116,1648,2007-04-09
1416,116,1668,2008-10-10
1417,117,353,2008-10-10
1418,119,1368,2008-10-10
1419,121,369,2008-10-10
1420,122,348,2008-10-10
1421,123,3348,2008-10-10
1422,124,1598,2008-10-10
1423,125,1938,2008-10-10
1424,126,1998,2008-10-10
1425,127,1638,2008-10-10
1426,128,1568,2008-10-10
1427,129,345,2008-10-10
1428,130,346,2008-10-10
1429,131,1318,2008-10-10
1430,133,364,2008-10-10
1431,134,338,2008-10-10
1432,135,2878,2008-10-10
1433,136,1528,2008-10-10
1434,137,340,2008-10-10
1435,138,3028,2008-10-10
1436,139,1528,2008-10-10
1437,140,341,2008-10-10
1438,141,1448,2008-10-10
1439,142,343,2008-10-10
1440,117,360,2007-04-09
1441,143,2868,2008-10-10
1442,145,1718,2008-10-10
1443,119,1338,2007-04-09
1444,147,3138,2008-10-10
1445,148,1648,2008-10-10
1446,149,240,2008-10-10
1447,150,1388,2008-10-10
1448,151,3048,2008-10-10
1449,152,1638,2008-10-10
1450,153,56,2008-10-10
1451,155,1378,2008-10-10
1452,156,54,2008-10-10
1453,157,3338,2008-10-10
1454,158,1658,2008-10-10
1455,160,1598,2008-10-10
1456,161,1668,2008-10-10
1457,162,54,2008-10-10
1458,163,56,2008-10-10
1459,164,54,2008-10-10
1460,166,1408,2008-10-10
1461,168,53,2008-10-10
1462,169,53,2008-10-10
1463,170,53,2008-10-10
1464,172,2638,2008-10-10
1465,173,1908,2008-10-10
1466,121,353,2007-04-09
1467,174,1608,2008-10-10
1468,175,1628,2008-10-10
1469,122,339,2007-04-09
1470,176,53,2008-10-10
1471,177,53,2008-10-10
1472,178,1758,2008-10-10
1473,179,54,2008-10-10
1474,180,55,2008-10-10
1475,181,53,2008-10-10
1476,182,3358,2008-10-10
1477,183,1598,2008-10-10
1478,184,2668,2008-10-10
1479,185,1648,2008-10-10
1480,187,53,2008-10-10
1481,188,54,2008-10-10
1482,189,53,2008-10-10
1483,123,3248,2007-04-09
1484,124,1548,2007-04-09
1485,190,1368,2008-10-10
1486,191,54,2008-10-10
1487,192,55,2008-10-10
1488,125,1818,2007-04-09
1489,193,3008,2008-10-10
1490,194,1918,2008-10-10
1491,195,1978,2008-10-10
1492,126,1978,2007-04-09
1493,196,1778,2008-10-10
1494,197,1598,2008-10-10
1495,198,1698,2008-10-10
1496,199,56,2008-10-10
1497,200,55,2008-10-10
1498,202,56,2008-10-10
1499,203,56,2008-10-10
1500,205,1708,2008-10-10
1501,4,54,2008-10-10
1502,5,53,2008-10-10
1503,6,54,2008-10-10
1504,7,3048,2008-10-10
1505,8,1848,2008-10-10
1506,9,1988,2008-10-10
1507,10,1758,2008-10-10
1508,11,1678,2008-10-10
1509,12,53,2008-10-10
1510,13,54,2008-10-10
1511,14,1628,2008-10-10
1512,127,1618,2007-04-09
1513,15,55,2008-10-10
1514,16,55,2008-10-10
1515,17,2738,2008-10-10
1516,18,1618,2008-10-10
1517,20,1408,2008-10-10
1518,128,1548,2007-04-09
1519,22,3418,2008-10-10
1520,23,1728,2008-10-10
1521,24,55,2008-10-10
1522,1,10458,2008-11-09
1523,43,5038,2008-11-09
1524,132,6358,2008-11-09
1525,146,6258,2008-11-09
1526,167,3678,2008-11-09
1527,186,3398,2008-11-09
1528,2,6928,2008-11-09
1529,19,3958,2008-11-09
1530,25,3928,2008-11-09
1531,27,3548,2008-11-09
1532,28,3928,2008-11-09
1533,29,4558,2008-11-09
1534,30,3508,2008-11-09
1535,35,3658,2008-11-09
1536,38,3888,2008-11-09
1537,42,3918,2008-11-09
1538,52,4298,2008-11-09
1539,55,4568,2008-11-09
1540,57,4098,2008-11-09
1541,60,3548,2008-11-09
1542,62,4468,2008-11-09
1543,63,3608,2008-11-09
1544,67,4318,2008-11-09
1545,68,3788,2008-11-09
1546,70,4418,2008-11-09
1547,73,3428,2008-11-09
1548,78,4228,2008-11-09
1549,80,3888,2008-11-09
1550,81,3618,2008-11-09
1551,86,4498,2008-11-09
1552,89,4128,2008-11-09
1553,92,3638,2008-11-09
1554,98,4478,2008-11-09
1555,103,4888,2008-11-09
1556,105,5328,2008-11-09
1557,110,6158,2008-11-09
1558,111,7478,2008-11-09
1559,115,6128,2008-11-09
1560,118,7218,2008-11-09
1561,120,2808,2008-11-09
1562,129,369,2007-04-09
1563,144,1748,2008-11-09
1564,154,340,2008-11-09
1565,159,359,2008-11-09
1566,165,351,2008-11-09
1567,171,1578,2008-11-09
1568,201,368,2008-11-09
1569,204,338,2008-11-09
1570,3,3188,2008-11-09
1571,21,1578,2008-11-09
1572,26,338,2008-11-09
1573,130,369,2007-04-09
1574,31,3258,2008-11-09
1575,32,1638,2008-11-09
1576,33,1938,2008-11-09
1577,34,1848,2008-11-09
1578,36,1558,2008-11-09
1579,37,1708,2008-11-09
1580,39,364,2008-11-09
1581,40,365,2008-11-09
1582,41,351,2008-11-09
1583,44,1548,2008-11-09
1584,45,358,2008-11-09
1585,73,3358,2007-02-09
1586,46,353,2008-11-09
1587,47,2938,2008-11-09
1588,48,1748,2008-11-09
1589,131,1208,2007-04-09
1590,49,3398,2008-11-09
1591,50,1738,2008-11-09
1592,51,1638,2008-11-09
1593,53,1548,2008-11-09
1594,54,1638,2008-11-09
1595,56,358,2008-11-09
1596,58,361,2008-11-09
1597,59,367,2008-11-09
1598,61,1358,2008-11-09
1599,64,345,2008-11-09
1600,65,363,2008-11-09
1601,66,2978,2008-11-09
1602,69,1738,2008-11-09
1603,71,361,2008-11-09
1604,72,357,2008-11-09
1605,74,357,2008-11-09
1606,75,341,2008-11-09
1607,76,363,2008-11-09
1608,77,349,2008-11-09
1609,79,1528,2008-11-09
1610,82,338,2008-11-09
1611,83,353,2008-11-09
1612,84,362,2008-11-09
1613,85,3168,2008-11-09
1614,87,1708,2008-11-09
1615,88,2968,2008-11-09
1616,90,1528,2008-11-09
1617,91,1568,2008-11-09
1618,133,348,2007-04-09
1619,93,361,2008-11-09
1620,94,366,2008-11-09
1621,95,1428,2008-11-09
1622,96,353,2008-11-09
1623,97,360,2008-11-09
1624,99,353,2008-11-09
1625,100,3118,2008-11-09
1626,134,339,2007-04-09
1627,101,1968,2008-11-09
1628,102,1928,2008-11-09
1629,104,1688,2008-11-09
1630,106,1738,2008-11-09
1631,107,339,2008-11-09
1632,108,359,2008-11-09
1633,109,1508,2008-11-09
1634,112,358,2008-11-09
1635,113,350,2008-11-09
1636,114,3198,2008-11-09
1637,135,2668,2007-04-09
1638,116,1668,2008-11-09
1639,136,1458,2007-04-09
1640,137,352,2007-04-09
1641,117,357,2008-11-09
1642,119,1368,2008-11-09
1643,138,2958,2007-04-09
1644,121,355,2008-11-09
1645,122,343,2008-11-09
1646,123,3348,2008-11-09
1647,124,1598,2008-11-09
1648,125,1938,2008-11-09
1649,126,1998,2008-11-09
1650,127,1638,2008-11-09
1651,128,1568,2008-11-09
1652,139,1478,2007-04-09
1653,129,353,2008-11-09
1654,130,363,2008-11-09
1655,131,1318,2008-11-09
1656,133,357,2008-11-09
1657,134,356,2008-11-09
1658,44,1508,2007-02-09
1659,140,339,2007-04-09
1660,135,2878,2008-11-09
1661,136,1528,2008-11-09
1662,137,355,2008-11-09
1663,138,3028,2008-11-09
1664,139,1528,2008-11-09
1665,140,367,2008-11-09
1666,141,1448,2008-11-09
1667,142,355,2008-11-09
1668,143,2868,2008-11-09
1669,145,1718,2008-11-09
1670,141,1398,2007-04-09
1671,142,346,2007-04-09
1672,1,10248,2007-05-10
1673,147,3138,2008-11-09
1674,43,4828,2007-05-10
1675,148,1648,2008-11-09
1676,149,241,2008-11-09
1677,150,1388,2008-11-09
1678,132,6098,2007-05-10
1679,151,3048,2008-11-09
1680,152,1638,2008-11-09
1681,146,5758,2007-05-10
1682,153,56,2008-11-09
1683,155,1378,2008-11-09
1684,2,6648,2007-05-10
1685,156,56,2008-11-09
1686,157,3338,2008-11-09
1687,158,1658,2008-11-09
1688,160,1598,2008-11-09
1689,161,1668,2008-11-09
1690,162,54,2008-11-09
1691,52,4248,2007-05-10
1692,163,55,2008-11-09
1693,164,54,2008-11-09
1694,166,1408,2008-11-09
1695,55,4248,2007-05-10
1696,168,56,2008-11-09
1697,57,3808,2007-05-10
1698,169,55,2008-11-09
1699,170,53,2008-11-09
1700,60,3438,2007-05-10
1701,172,2638,2008-11-09
1702,62,4238,2007-05-10
1703,173,1908,2008-11-09
1704,63,3348,2007-05-10
1705,174,1608,2008-11-09
1706,175,1628,2008-11-09
1707,67,4008,2007-05-10
1708,176,56,2008-11-09
1709,177,53,2008-11-09
1710,68,3628,2007-05-10
1711,178,1758,2008-11-09
1712,70,4368,2007-05-10
1713,73,3358,2007-05-10
1714,179,53,2008-11-09
1715,180,56,2008-11-09
1716,181,55,2008-11-09
1717,182,3358,2008-11-09
1718,183,1598,2008-11-09
1719,78,4008,2007-05-10
1720,184,2668,2008-11-09
1721,185,1648,2008-11-09
1722,80,3648,2007-05-10
1723,81,3538,2007-05-10
1724,187,54,2008-11-09
1725,188,56,2008-11-09
1726,86,4318,2007-05-10
1727,189,54,2008-11-09
1728,89,4038,2007-05-10
1729,190,1368,2008-11-09
1730,191,54,2008-11-09
1731,192,55,2008-11-09
1732,92,3348,2007-05-10
1733,193,3008,2008-11-09
1734,194,1918,2008-11-09
1735,195,1978,2008-11-09
1736,196,1778,2008-11-09
1737,103,4688,2007-05-10
1738,197,1598,2008-11-09
1739,198,1698,2008-11-09
1740,199,53,2008-11-09
1741,200,53,2008-11-09
1742,110,5968,2007-05-10
1743,202,54,2008-11-09
1744,111,6878,2007-05-10
1745,203,56,2008-11-09
1746,205,1708,2008-11-09
1747,4,54,2008-11-09
1748,120,2668,2007-05-10
1749,5,54,2008-11-09
1750,6,54,2008-11-09
1751,7,3048,2008-11-09
1752,8,1848,2008-11-09
1753,9,1988,2008-11-09
1754,10,1758,2008-11-09
1755,11,1678,2008-11-09
1756,12,56,2008-11-09
1757,13,56,2008-11-09
1758,14,1628,2008-11-09
1759,15,54,2008-11-09
1760,16,56,2008-11-09
1761,17,2738,2008-11-09
1762,18,1618,2008-11-09
1763,20,1408,2008-11-09
1764,144,1678,2007-05-10
1765,22,3418,2008-11-09
1766,23,1728,2008-11-09
1767,24,53,2008-11-09
1768,1,10458,2008-12-10
1769,43,5038,2008-12-10
1770,132,6358,2008-12-10
1771,146,6258,2008-12-10
1772,167,3678,2008-12-10
1773,186,3398,2008-12-10
1774,2,6928,2008-12-10
1775,19,3958,2008-12-10
1776,25,3928,2008-12-10
1777,27,3548,2008-12-10
1778,28,3928,2008-12-10
1779,29,4558,2008-12-10
1780,30,3508,2008-12-10
1781,35,3658,2008-12-10
1782,38,3888,2008-12-10
1783,42,3918,2008-12-10
1784,52,4298,2008-12-10
1785,55,4568,2008-12-10
1786,57,4098,2008-12-10
1787,60,3548,2008-12-10
1788,62,4468,2008-12-10
1789,63,3608,2008-12-10
1790,67,4318,2008-12-10
1791,68,3788,2008-12-10
1792,70,4418,2008-12-10
1793,73,3428,2008-12-10
1794,78,4228,2008-12-10
1795,80,3888,2008-12-10
1796,81,3618,2008-12-10
1797,86,4498,2008-12-10
1798,89,4128,2008-12-10
1799,92,3638,2008-12-10
1800,98,4478,2008-12-10
1801,103,4888,2008-12-10
1802,105,5328,2008-12-10
1803,110,6158,2008-12-10
1804,111,7478,2008-12-10
1805,115,6128,2008-12-10
1806,118,7218,2008-12-10
1807,120,2808,2008-12-10
1808,78,4008,2007-02-09
1809,45,367,2007-02-09
1810,154,342,2007-05-10
1811,144,1748,2008-12-10
1812,154,357,2008-12-10
1813,159,343,2008-12-10
1814,159,352,2007-05-10
1815,165,357,2008-12-10
1816,171,1578,2008-12-10
1817,201,364,2008-12-10
1818,204,359,2008-12-10
1819,3,3188,2008-12-10
1820,165,349,2007-05-10
1821,21,1578,2008-12-10
1822,26,344,2008-12-10
1823,171,1558,2007-05-10
1824,31,3258,2008-12-10
1825,32,1638,2008-12-10
1826,33,1938,2008-12-10
1827,34,1848,2008-12-10
1828,36,1558,2008-12-10
1829,37,1708,2008-12-10
1830,39,353,2008-12-10
1831,40,368,2008-12-10
1832,41,349,2008-12-10
1833,44,1548,2008-12-10
1834,45,368,2008-12-10
1835,46,351,2008-12-10
1836,47,2938,2008-12-10
1837,48,1748,2008-12-10
1838,49,3398,2008-12-10
1839,50,1738,2008-12-10
1840,51,1638,2008-12-10
1841,53,1548,2008-12-10
1842,54,1638,2008-12-10
1843,56,341,2008-12-10
1844,58,351,2008-12-10
1845,59,343,2008-12-10
1846,61,1358,2008-12-10
1847,64,342,2008-12-10
1848,65,339,2008-12-10
1849,66,2978,2008-12-10
1850,201,353,2007-05-10
1851,69,1738,2008-12-10
1852,204,353,2007-05-10
1853,71,361,2008-12-10
1854,3,3088,2007-05-10
1855,72,365,2008-12-10
1856,74,366,2008-12-10
1857,75,348,2008-12-10
1858,76,349,2008-12-10
1859,77,364,2008-12-10
1860,79,1528,2008-12-10
1861,82,366,2008-12-10
1862,83,344,2008-12-10
1863,84,363,2008-12-10
1864,46,344,2007-02-09
1865,85,3168,2008-12-10
1866,87,1708,2008-12-10
1867,88,2968,2008-12-10
1868,90,1528,2008-12-10
1869,91,1568,2008-12-10
1870,93,350,2008-12-10
1871,94,340,2008-12-10
1872,95,1428,2008-12-10
1873,96,342,2008-12-10
1874,97,363,2008-12-10
1875,99,349,2008-12-10
1876,100,3118,2008-12-10
1877,101,1968,2008-12-10
1878,102,1928,2008-12-10
1879,104,1688,2008-12-10
1880,106,1738,2008-12-10
1881,21,1538,2007-05-10
1882,107,356,2008-12-10
1883,108,366,2008-12-10
1884,109,1508,2008-12-10
1885,112,342,2008-12-10
1886,113,368,2008-12-10
1887,114,3198,2008-12-10
1888,116,1668,2008-12-10
1889,117,364,2008-12-10
1890,26,359,2007-05-10
1891,119,1368,2008-12-10
1892,121,355,2008-12-10
1893,122,340,2008-12-10
1894,123,3348,2008-12-10
1895,124,1598,2008-12-10
1896,125,1938,2008-12-10
1897,126,1998,2008-12-10
1898,127,1638,2008-12-10
1899,128,1568,2008-12-10
1900,129,361,2008-12-10
1901,130,359,2008-12-10
1902,131,1318,2008-12-10
1903,133,364,2008-12-10
1904,134,353,2008-12-10
1905,135,2878,2008-12-10
1906,136,1528,2008-12-10
1907,137,362,2008-12-10
1908,138,3028,2008-12-10
1909,139,1528,2008-12-10
1910,140,356,2008-12-10
1911,141,1448,2008-12-10
1912,142,359,2008-12-10
1913,143,2868,2008-12-10
1914,145,1718,2008-12-10
1915,147,3138,2008-12-10
1916,148,1648,2008-12-10
1917,149,245,2008-12-10
1918,150,1388,2008-12-10
1919,151,3048,2008-12-10
1920,152,1638,2008-12-10
1921,153,56,2008-12-10
1922,155,1378,2008-12-10
1923,156,56,2008-12-10
1924,157,3338,2008-12-10
1925,158,1658,2008-12-10
1926,160,1598,2008-12-10
1927,161,1668,2008-12-10
1928,162,54,2008-12-10
1929,163,55,2008-12-10
1930,164,54,2008-12-10
1931,166,1408,2008-12-10
1932,168,54,2008-12-10
1933,169,56,2008-12-10
1934,170,56,2008-12-10
1935,172,2638,2008-12-10
1936,173,1908,2008-12-10
1937,174,1608,2008-12-10
1938,175,1628,2008-12-10
1939,176,53,2008-12-10
1940,177,56,2008-12-10
1941,178,1758,2008-12-10
1942,179,54,2008-12-10
1943,180,53,2008-12-10
1944,181,54,2008-12-10
1945,182,3358,2008-12-10
1946,183,1598,2008-12-10
1947,184,2668,2008-12-10
1948,185,1648,2008-12-10
1949,187,54,2008-12-10
1950,188,56,2008-12-10
1951,189,56,2008-12-10
1952,31,3218,2007-05-10
1953,190,1368,2008-12-10
1954,191,55,2008-12-10
1955,192,54,2008-12-10
1956,32,1508,2007-05-10
1957,193,3008,2008-12-10
1958,194,1918,2008-12-10
1959,195,1978,2008-12-10
1960,33,1798,2007-05-10
1961,196,1778,2008-12-10
1962,34,1808,2007-05-10
1963,197,1598,2008-12-10
1964,198,1698,2008-12-10
1965,199,55,2008-12-10
1966,200,53,2008-12-10
1967,202,53,2008-12-10
1968,203,56,2008-12-10
1969,205,1708,2008-12-10
1970,4,55,2008-12-10
1971,5,56,2008-12-10
1972,6,54,2008-12-10
1973,36,1458,2007-05-10
1974,7,3048,2008-12-10
1975,8,1848,2008-12-10
1976,9,1988,2008-12-10
1977,10,1758,2008-12-10
1978,37,1618,2007-05-10
1979,11,1678,2008-12-10
1980,12,54,2008-12-10
1981,13,54,2008-12-10
1982,14,1628,2008-12-10
1983,43,4828,2007-02-09
1984,80,3648,2007-02-09
1985,47,2758,2007-02-09
1986,15,55,2008-12-10
1987,16,54,2008-12-10
1988,17,2738,2008-12-10
1989,18,1618,2008-12-10
1990,20,1408,2008-12-10
1991,39,357,2007-05-10
1992,40,369,2007-05-10
1993,22,3418,2008-12-10
1994,23,1728,2008-12-10
1995,24,54,2008-12-10
1996,41,356,2007-05-10
1997,1,10458,2009-01-09
1998,43,5038,2009-01-09
1999,48,1638,2007-02-09
2000,132,6358,2009-01-09
2001,146,6258,2009-01-09
2002,167,3678,2009-01-09
2003,186,3398,2009-01-09
2004,2,6928,2009-01-09
2005,19,3958,2009-01-09
2006,25,3928,2009-01-09
2007,27,3548,2009-01-09
2008,28,3928,2009-01-09
2009,29,4558,2009-01-09
2010,30,3508,2009-01-09
2011,35,3658,2009-01-09
2012,38,3888,2009-01-09
2013,42,3918,2009-01-09
2014,52,4298,2009-01-09
2015,55,4568,2009-01-09
2016,57,4098,2009-01-09
2017,60,3548,2009-01-09
2018,62,4468,2009-01-09
2019,63,3608,2009-01-09
2020,67,4318,2009-01-09
2021,68,3788,2009-01-09
2022,70,4418,2009-01-09
2023,73,3428,2009-01-09
2024,78,4228,2009-01-09
2025,80,3888,2009-01-09
2026,81,3618,2009-01-09
2027,86,4498,2009-01-09
2028,89,4128,2009-01-09
2029,92,3638,2009-01-09
2030,98,4478,2009-01-09
2031,103,4888,2009-01-09
2032,105,5328,2009-01-09
2033,110,6158,2009-01-09
2034,111,7478,2009-01-09
2035,115,6128,2009-01-09
2036,118,7218,2009-01-09
2037,120,2808,2009-01-09
2038,144,1748,2009-01-09
2039,154,355,2009-01-09
2040,159,362,2009-01-09
2041,165,345,2009-01-09
2042,171,1578,2009-01-09
2043,201,359,2009-01-09
2044,204,362,2009-01-09
2045,3,3188,2009-01-09
2046,21,1578,2009-01-09
2047,26,361,2009-01-09
2048,31,3258,2009-01-09
2049,32,1638,2009-01-09
2050,33,1938,2009-01-09
2051,34,1848,2009-01-09
2052,36,1558,2009-01-09
2053,37,1708,2009-01-09
2054,39,349,2009-01-09
2055,40,345,2009-01-09
2056,41,349,2009-01-09
2057,49,3118,2007-02-09
2058,44,1548,2009-01-09
2059,45,366,2009-01-09
2060,46,347,2009-01-09
2061,47,2938,2009-01-09
2062,48,1748,2009-01-09
2063,44,1508,2007-05-10
2064,49,3398,2009-01-09
2065,50,1738,2009-01-09
2066,51,1638,2009-01-09
2067,53,1548,2009-01-09
2068,54,1638,2009-01-09
2069,56,343,2009-01-09
2070,58,369,2009-01-09
2071,59,342,2009-01-09
2072,61,1358,2009-01-09
2073,64,362,2009-01-09
2074,45,347,2007-05-10
2075,65,352,2009-01-09
2076,66,2978,2009-01-09
2077,69,1738,2009-01-09
2078,50,1698,2007-02-09
2079,71,338,2009-01-09
2080,46,364,2007-05-10
2081,72,356,2009-01-09
2082,74,355,2009-01-09
2083,75,347,2009-01-09
2084,76,349,2009-01-09
2085,77,338,2009-01-09
2086,79,1528,2009-01-09
2087,82,344,2009-01-09
2088,83,338,2009-01-09
2089,84,362,2009-01-09
2090,85,3168,2009-01-09
2091,87,1708,2009-01-09
2092,88,2968,2009-01-09
2093,90,1528,2009-01-09
2094,91,1568,2009-01-09
2095,47,2758,2007-05-10
2096,93,358,2009-01-09
2097,94,362,2009-01-09
2098,48,1638,2007-05-10
2099,51,1598,2007-02-09
2100,95,1428,2009-01-09
2101,49,3118,2007-05-10
2102,96,343,2009-01-09
2103,97,361,2009-01-09
2104,99,339,2009-01-09
2105,100,3118,2009-01-09
2106,50,1698,2007-05-10
2107,101,1968,2009-01-09
2108,102,1928,2009-01-09
2109,51,1598,2007-05-10
2110,104,1688,2009-01-09
2111,106,1738,2009-01-09
2112,107,350,2009-01-09
2113,108,338,2009-01-09
2114,109,1508,2009-01-09
2115,112,357,2009-01-09
2116,113,353,2009-01-09
2117,114,3198,2009-01-09
2118,116,1668,2009-01-09
2119,117,355,2009-01-09
2120,119,1368,2009-01-09
2121,121,360,2009-01-09
2122,122,363,2009-01-09
2123,53,1508,2007-05-10
2124,123,3348,2009-01-09
2125,124,1598,2009-01-09
2126,125,1938,2009-01-09
2127,126,1998,2009-01-09
2128,54,1568,2007-05-10
2129,127,1638,2009-01-09
2130,128,1568,2009-01-09
2131,129,350,2009-01-09
2132,130,367,2009-01-09
2133,131,1318,2009-01-09
2134,56,357,2007-05-10
2135,133,367,2009-01-09
2136,134,364,2009-01-09
2137,135,2878,2009-01-09
2138,136,1528,2009-01-09
2139,137,365,2009-01-09
2140,138,3028,2009-01-09
2141,139,1528,2009-01-09
2142,140,366,2009-01-09
2143,141,1448,2009-01-09
2144,142,344,2009-01-09
2145,143,2868,2009-01-09
2146,145,1718,2009-01-09
2147,58,369,2007-05-10
2148,147,3138,2009-01-09
2149,148,1648,2009-01-09
2150,149,238,2009-01-09
2151,150,1388,2009-01-09
2152,151,3048,2009-01-09
2153,152,1638,2009-01-09
2154,153,53,2009-01-09
2155,155,1378,2009-01-09
2156,59,356,2007-05-10
2157,156,56,2009-01-09
2158,157,3338,2009-01-09
2159,158,1658,2009-01-09
2160,160,1598,2009-01-09
2161,161,1668,2009-01-09
2162,162,56,2009-01-09
2163,163,56,2009-01-09
2164,164,55,2009-01-09
2165,166,1408,2009-01-09
2166,168,55,2009-01-09
2167,61,1258,2007-05-10
2168,169,55,2009-01-09
2169,170,53,2009-01-09
2170,172,2638,2009-01-09
2171,173,1908,2009-01-09
2172,174,1608,2009-01-09
2173,175,1628,2009-01-09
2174,176,55,2009-01-09
2175,177,54,2009-01-09
2176,178,1758,2009-01-09
2177,179,54,2009-01-09
2178,180,54,2009-01-09
2179,181,53,2009-01-09
2180,182,3358,2009-01-09
2181,183,1598,2009-01-09
2182,184,2668,2009-01-09
2183,185,1648,2009-01-09
2184,81,3538,2007-02-09
2185,187,53,2009-01-09
2186,188,53,2009-01-09
2187,189,55,2009-01-09
2188,190,1368,2009-01-09
2189,191,55,2009-01-09
2190,192,54,2009-01-09
2191,193,3008,2009-01-09
2192,194,1918,2009-01-09
2193,195,1978,2009-01-09
2194,196,1778,2009-01-09
2195,197,1598,2009-01-09
2196,198,1698,2009-01-09
2197,199,54,2009-01-09
2198,200,53,2009-01-09
2199,202,55,2009-01-09
2200,64,363,2007-05-10
2201,203,55,2009-01-09
2202,205,1708,2009-01-09
2203,4,53,2009-01-09
2204,65,363,2007-05-10
2205,5,54,2009-01-09
2206,6,55,2009-01-09
2207,7,3048,2009-01-09
2208,8,1848,2009-01-09
2209,9,1988,2009-01-09
2210,10,1758,2009-01-09
2211,66,2948,2007-05-10
2212,11,1678,2009-01-09
2213,12,56,2009-01-09
2214,13,54,2009-01-09
2215,14,1628,2009-01-09
2216,15,54,2009-01-09
2217,16,54,2009-01-09
2218,17,2738,2009-01-09
2219,18,1618,2009-01-09
2220,20,1408,2009-01-09
2221,22,3418,2009-01-09
2222,23,1728,2009-01-09
2223,24,54,2009-01-09
2224,69,1598,2007-05-10
2225,71,356,2007-05-10
2226,72,348,2007-05-10
2227,74,348,2007-05-10
2228,75,369,2007-05-10
2229,76,342,2007-05-10
2230,77,361,2007-05-10
2231,79,1448,2007-05-10
2232,53,1508,2007-02-09
2233,54,1568,2007-02-09
2234,82,340,2007-05-10
2235,83,357,2007-05-10
2236,84,347,2007-05-10
2237,85,2978,2007-05-10
2238,87,1638,2007-05-10
2239,88,2818,2007-05-10
2240,90,1458,2007-05-10
2241,91,1498,2007-05-10
2242,86,4318,2007-02-09
2243,93,351,2007-05-10
2244,94,362,2007-05-10
2245,56,354,2007-02-09
2246,95,1368,2007-05-10
2247,96,352,2007-05-10
2248,97,348,2007-05-10
2249,99,352,2007-05-10
2250,100,3018,2007-05-10
2251,101,1908,2007-05-10
2252,102,1828,2007-05-10
2253,104,1628,2007-05-10
2254,106,1698,2007-05-10
2255,107,339,2007-05-10
2256,108,338,2007-05-10
2257,109,1458,2007-05-10
2258,89,4038,2007-02-09
2259,112,342,2007-05-10
2260,113,350,2007-05-10
2261,114,3158,2007-05-10
2262,58,359,2007-02-09
2263,116,1648,2007-05-10
2264,117,352,2007-05-10
2265,119,1338,2007-05-10
2266,59,356,2007-02-09
2267,121,351,2007-05-10
2268,122,364,2007-05-10
2269,123,3248,2007-05-10
2270,124,1548,2007-05-10
2271,125,1818,2007-05-10
2272,126,1978,2007-05-10
2273,127,1618,2007-05-10
2274,128,1548,2007-05-10
2275,92,3348,2007-02-09
2276,129,347,2007-05-10
2277,130,342,2007-05-10
2278,131,1208,2007-05-10
2279,61,1258,2007-02-09
2280,133,354,2007-05-10
2281,134,343,2007-05-10
2282,135,2668,2007-05-10
2283,136,1458,2007-05-10
2284,137,342,2007-05-10
2285,138,2958,2007-05-10
2286,139,1478,2007-05-10
2287,140,343,2007-05-10
2288,141,1398,2007-05-10
2289,142,355,2007-05-10
2290,1,10248,2007-06-09
2291,43,4828,2007-06-09
2292,132,6098,2007-06-09
2293,146,5758,2007-06-09
2294,2,6648,2007-06-09
2295,52,4248,2007-06-09
2296,55,4248,2007-06-09
2297,57,3808,2007-06-09
2298,60,3438,2007-06-09
2299,62,4238,2007-06-09
2300,63,3348,2007-06-09
2301,67,4008,2007-06-09
2302,68,3628,2007-06-09
2303,70,4368,2007-06-09
2304,73,3358,2007-06-09
2305,78,4008,2007-06-09
2306,80,3648,2007-06-09
2307,81,3538,2007-06-09
2308,86,4318,2007-06-09
2309,89,4038,2007-06-09
2310,92,3348,2007-06-09
2311,103,4688,2007-06-09
2312,110,5968,2007-06-09
2313,111,6878,2007-06-09
2314,120,2668,2007-06-09
2315,144,1678,2007-06-09
2316,154,360,2007-06-09
2317,159,359,2007-06-09
2318,165,364,2007-06-09
2319,171,1558,2007-06-09
2320,201,361,2007-06-09
2321,204,360,2007-06-09
2322,3,3088,2007-06-09
2323,21,1538,2007-06-09
2324,26,361,2007-06-09
2325,103,4688,2007-02-09
2326,64,342,2007-02-09
2327,31,3218,2007-06-09
2328,32,1508,2007-06-09
2329,33,1798,2007-06-09
2330,34,1808,2007-06-09
2331,36,1458,2007-06-09
2332,37,1618,2007-06-09
2333,39,344,2007-06-09
2334,40,369,2007-06-09
2335,41,345,2007-06-09
2336,65,345,2007-02-09
2337,66,2948,2007-02-09
2338,44,1508,2007-06-09
2339,45,353,2007-06-09
2340,46,360,2007-06-09
2341,47,2758,2007-06-09
2342,48,1638,2007-06-09
2343,49,3118,2007-06-09
2344,50,1698,2007-06-09
2345,51,1598,2007-06-09
2346,53,1508,2007-06-09
2347,54,1568,2007-06-09
2348,56,343,2007-06-09
2349,58,352,2007-06-09
2350,59,344,2007-06-09
2351,61,1258,2007-06-09
2352,64,342,2007-06-09
2353,65,349,2007-06-09
2354,66,2948,2007-06-09
2355,69,1598,2007-06-09
2356,71,349,2007-06-09
2357,72,363,2007-06-09
2358,74,351,2007-06-09
2359,75,363,2007-06-09
2360,76,351,2007-06-09
2361,77,363,2007-06-09
2362,79,1448,2007-06-09
2363,69,1598,2007-02-09
2364,82,345,2007-06-09
2365,83,340,2007-06-09
2366,110,5968,2007-02-09
2367,84,369,2007-06-09
2368,85,2978,2007-06-09
2369,87,1638,2007-06-09
2370,88,2818,2007-06-09
2371,90,1458,2007-06-09
2372,91,1498,2007-06-09
2373,93,368,2007-06-09
2374,94,355,2007-06-09
2375,95,1368,2007-06-09
2376,96,360,2007-06-09
2377,97,351,2007-06-09
2378,99,366,2007-06-09
2379,100,3018,2007-06-09
2380,101,1908,2007-06-09
2381,102,1828,2007-06-09
2382,104,1628,2007-06-09
2383,106,1698,2007-06-09
2384,107,348,2007-06-09
2385,108,356,2007-06-09
2386,111,6878,2007-02-09
2387,109,1458,2007-06-09
2388,71,365,2007-02-09
2389,112,339,2007-06-09
2390,113,351,2007-06-09
2391,114,3158,2007-06-09
2392,116,1648,2007-06-09
2393,117,368,2007-06-09
2394,119,1338,2007-06-09
2395,72,353,2007-02-09
2396,121,357,2007-06-09
2397,122,351,2007-06-09
2398,123,3248,2007-06-09
2399,124,1548,2007-06-09
2400,125,1818,2007-06-09
2401,74,355,2007-02-09
2402,126,1978,2007-06-09
2403,132,6098,2007-02-09
2404,127,1618,2007-06-09
2405,128,1548,2007-06-09
2406,75,352,2007-02-09
2407,129,354,2007-06-09
2408,76,364,2007-02-09
2409,130,369,2007-06-09
2410,77,345,2007-02-09
2411,131,1208,2007-06-09
2412,133,354,2007-06-09
2413,134,341,2007-06-09
2414,135,2668,2007-06-09
2415,136,1458,2007-06-09
2416,137,345,2007-06-09
2417,138,2958,2007-06-09
2418,139,1478,2007-06-09
2419,140,349,2007-06-09
2420,141,1398,2007-06-09
2421,142,365,2007-06-09
2422,1,10248,2007-07-10
2423,43,4828,2007-07-10
2424,132,6098,2007-07-10
2425,146,5758,2007-07-10
2426,2,6648,2007-07-10
2427,52,4248,2007-07-10
2428,55,4248,2007-07-10
2429,57,3808,2007-07-10
2430,60,3438,2007-07-10
2431,62,4238,2007-07-10
2432,63,3348,2007-07-10
2433,67,4008,2007-07-10
2434,68,3628,2007-07-10
2435,70,4368,2007-07-10
2436,73,3358,2007-07-10
2437,78,4008,2007-07-10
2438,120,2668,2007-02-09
2439,79,1448,2007-02-09
2440,80,3648,2007-07-10
2441,81,3538,2007-07-10
2442,86,4318,2007-07-10
2443,89,4038,2007-07-10
2444,92,3348,2007-07-10
2445,103,4688,2007-07-10
2446,110,5968,2007-07-10
2447,111,6878,2007-07-10
2448,120,2668,2007-07-10
2449,144,1678,2007-07-10
2450,154,355,2007-07-10
2451,159,366,2007-07-10
2452,165,339,2007-07-10
2453,171,1558,2007-07-10
2454,201,364,2007-07-10
2455,204,366,2007-07-10
2456,3,3088,2007-07-10
2457,21,1538,2007-07-10
2458,26,369,2007-07-10
2459,31,3218,2007-07-10
2460,32,1508,2007-07-10
2461,33,1798,2007-07-10
2462,34,1808,2007-07-10
2463,36,1458,2007-07-10
2464,37,1618,2007-07-10
2465,39,345,2007-07-10
2466,40,368,2007-07-10
2467,41,341,2007-07-10
2468,44,1508,2007-07-10
2469,45,363,2007-07-10
2470,46,352,2007-07-10
2471,47,2758,2007-07-10
2472,48,1638,2007-07-10
2473,49,3118,2007-07-10
2474,50,1698,2007-07-10
2475,51,1598,2007-07-10
2476,53,1508,2007-07-10
2477,54,1568,2007-07-10
2478,82,363,2007-02-09
2479,56,358,2007-07-10
2480,58,345,2007-07-10
2481,59,343,2007-07-10
2482,61,1258,2007-07-10
2483,64,349,2007-07-10
2484,65,346,2007-07-10
2485,66,2948,2007-07-10
2486,83,369,2007-02-09
2487,69,1598,2007-07-10
2488,84,367,2007-02-09
2489,85,2978,2007-02-09
2490,71,365,2007-07-10
2491,72,366,2007-07-10
2492,74,358,2007-07-10
2493,87,1638,2007-02-09
2494,75,344,2007-07-10
2495,76,340,2007-07-10
2496,77,339,2007-07-10
2497,79,1448,2007-07-10
2498,88,2818,2007-02-09
2499,82,347,2007-07-10
2500,83,355,2007-07-10
2501,84,361,2007-07-10
2502,85,2978,2007-07-10
2503,87,1638,2007-07-10
2504,88,2818,2007-07-10
2505,90,1458,2007-07-10
2506,91,1498,2007-07-10
2507,93,342,2007-07-10
2508,94,346,2007-07-10
2509,95,1368,2007-07-10
2510,96,351,2007-07-10
2511,97,352,2007-07-10
2512,90,1458,2007-02-09
2513,99,349,2007-07-10
2514,100,3018,2007-07-10
2515,101,1908,2007-07-10
2516,102,1828,2007-07-10
2517,91,1498,2007-02-09
2518,104,1628,2007-07-10
2519,106,1698,2007-07-10
2520,107,348,2007-07-10
2521,108,357,2007-07-10
2522,109,1458,2007-07-10
2523,112,367,2007-07-10
2524,113,351,2007-07-10
2525,114,3158,2007-07-10
2526,116,1648,2007-07-10
2527,117,360,2007-07-10
2528,119,1338,2007-07-10
2529,121,348,2007-07-10
2530,122,367,2007-07-10
2531,123,3248,2007-07-10
2532,124,1548,2007-07-10
2533,125,1818,2007-07-10
2534,126,1978,2007-07-10
2535,127,1618,2007-07-10
2536,128,1548,2007-07-10
2537,129,366,2007-07-10
2538,130,350,2007-07-10
2539,131,1208,2007-07-10
2540,133,366,2007-07-10
2541,134,342,2007-07-10
2542,93,368,2007-02-09
2543,135,2668,2007-07-10
2544,136,1458,2007-07-10
2545,137,358,2007-07-10
2546,138,2958,2007-07-10
2547,94,364,2007-02-09
2548,139,1478,2007-07-10
2549,140,346,2007-07-10
2550,141,1398,2007-07-10
2551,142,345,2007-07-10
2552,1,10248,2007-08-09
2553,43,4828,2007-08-09
2554,132,6098,2007-08-09
2555,146,5758,2007-08-09
2556,2,6648,2007-08-09
2557,52,4248,2007-08-09
2558,55,4248,2007-08-09
2559,57,3808,2007-08-09
2560,60,3438,2007-08-09
2561,62,4238,2007-08-09
2562,63,3348,2007-08-09
2563,67,4008,2007-08-09
2564,68,3628,2007-08-09
2565,70,4368,2007-08-09
2566,73,3358,2007-08-09
2567,78,4008,2007-08-09
2568,80,3648,2007-08-09
2569,81,3538,2007-08-09
2570,86,4318,2007-08-09
2571,89,4038,2007-08-09
2572,92,3348,2007-08-09
2573,103,4688,2007-08-09
2574,110,5968,2007-08-09
2575,111,6878,2007-08-09
2576,120,2668,2007-08-09
2577,144,1678,2007-08-09
2578,154,353,2007-08-09
2579,159,347,2007-08-09
2580,165,369,2007-08-09
2581,171,1558,2007-08-09
2582,201,356,2007-08-09
2583,204,362,2007-08-09
2584,3,3088,2007-08-09
2585,21,1538,2007-08-09
2586,26,368,2007-08-09
2587,31,3218,2007-08-09
2588,32,1508,2007-08-09
2589,33,1798,2007-08-09
2590,34,1808,2007-08-09
2591,95,1368,2007-02-09
2592,36,1458,2007-08-09
2593,37,1618,2007-08-09
2594,39,363,2007-08-09
2595,40,341,2007-08-09
2596,41,342,2007-08-09
2597,44,1508,2007-08-09
2598,45,342,2007-08-09
2599,46,361,2007-08-09
2600,47,2758,2007-08-09
2601,48,1638,2007-08-09
2602,49,3118,2007-08-09
2603,50,1698,2007-08-09
2604,51,1598,2007-08-09
2605,53,1508,2007-08-09
2606,54,1568,2007-08-09
2607,56,362,2007-08-09
2608,58,369,2007-08-09
2609,96,357,2007-02-09
2610,59,357,2007-08-09
2611,61,1258,2007-08-09
2612,64,344,2007-08-09
2613,65,364,2007-08-09
2614,97,364,2007-02-09
2615,66,2948,2007-08-09
2616,69,1598,2007-08-09
2617,71,344,2007-08-09
2618,72,358,2007-08-09
2619,74,344,2007-08-09
2620,75,361,2007-08-09
2621,76,359,2007-08-09
2622,77,346,2007-08-09
2623,146,5758,2007-02-09
2624,99,355,2007-02-09
2625,79,1448,2007-08-09
2626,100,3018,2007-02-09
2627,101,1908,2007-02-09
2628,82,360,2007-08-09
2629,102,1828,2007-02-09
2630,83,355,2007-08-09
2631,84,364,2007-08-09
2632,85,2978,2007-08-09
2633,87,1638,2007-08-09
2634,88,2818,2007-08-09
2635,90,1458,2007-08-09
2636,91,1498,2007-08-09
2637,93,356,2007-08-09
2638,94,338,2007-08-09
2639,95,1368,2007-08-09
2640,96,343,2007-08-09
2641,97,361,2007-08-09
2642,99,362,2007-08-09
2643,100,3018,2007-08-09
2644,101,1908,2007-08-09
2645,102,1828,2007-08-09
2646,104,1628,2007-08-09
2647,106,1698,2007-08-09
2648,107,347,2007-08-09
2649,108,351,2007-08-09
2650,109,1458,2007-08-09
2651,112,362,2007-08-09
2652,113,357,2007-08-09
2653,114,3158,2007-08-09
2654,104,1628,2007-02-09
2655,116,1648,2007-08-09
2656,106,1698,2007-02-09
2657,117,351,2007-08-09
2658,119,1338,2007-08-09
2659,144,1678,2007-02-09
2660,121,355,2007-08-09
2661,122,340,2007-08-09
2662,123,3248,2007-08-09
2663,124,1548,2007-08-09
2664,125,1818,2007-08-09
2665,126,1978,2007-08-09
2666,127,1618,2007-08-09
2667,128,1548,2007-08-09
2668,129,351,2007-08-09
2669,130,352,2007-08-09
2670,131,1208,2007-08-09
2671,133,362,2007-08-09
2672,134,369,2007-08-09
2673,135,2668,2007-08-09
2674,136,1458,2007-08-09
2675,137,341,2007-08-09
2676,138,2958,2007-08-09
2677,139,1478,2007-08-09
2678,140,346,2007-08-09
2679,141,1398,2007-08-09
2680,142,345,2007-08-09
2681,1,10248,2007-09-09
2682,43,4828,2007-09-09
2683,132,6098,2007-09-09
2684,146,5758,2007-09-09
2685,2,6648,2007-09-09
2686,107,348,2007-02-09
2687,52,4248,2007-09-09
2688,55,4248,2007-09-09
2689,57,3808,2007-09-09
2690,60,3438,2007-09-09
2691,62,4238,2007-09-09
2692,63,3348,2007-09-09
2693,67,4008,2007-09-09
2694,68,3628,2007-09-09
2695,70,4368,2007-09-09
2696,108,339,2007-02-09
2697,73,3358,2007-09-09
2698,78,4008,2007-09-09
2699,80,3648,2007-09-09
2700,81,3538,2007-09-09
2701,86,4318,2007-09-09
2702,89,4038,2007-09-09
2703,92,3348,2007-09-09
2704,103,4688,2007-09-09
2705,110,5968,2007-09-09
2706,111,6878,2007-09-09
2707,120,2668,2007-09-09
2708,144,1678,2007-09-09
2709,154,360,2007-09-09
2710,159,341,2007-09-09
2711,165,352,2007-09-09
2712,109,1458,2007-02-09
2713,171,1558,2007-09-09
2714,201,341,2007-09-09
2715,204,354,2007-09-09
2716,3,3088,2007-09-09
2717,21,1538,2007-09-09
2718,26,350,2007-09-09
2719,31,3218,2007-09-09
2720,32,1508,2007-09-09
2721,33,1798,2007-09-09
2722,34,1808,2007-09-09
2723,36,1458,2007-09-09
2724,37,1618,2007-09-09
2725,39,352,2007-09-09
2726,40,366,2007-09-09
2727,41,352,2007-09-09
2728,44,1508,2007-09-09
2729,45,353,2007-09-09
2730,46,343,2007-09-09
2731,47,2758,2007-09-09
2732,48,1638,2007-09-09
2733,49,3118,2007-09-09
2734,50,1698,2007-09-09
2735,51,1598,2007-09-09
2736,53,1508,2007-09-09
2737,54,1568,2007-09-09
2738,56,361,2007-09-09
2739,58,341,2007-09-09
2740,59,348,2007-09-09
2741,61,1258,2007-09-09
2742,112,357,2007-02-09
2743,64,349,2007-09-09
2744,65,340,2007-09-09
2745,66,2948,2007-09-09
2746,113,362,2007-02-09
2747,69,1598,2007-09-09
2748,71,366,2007-09-09
2749,72,367,2007-09-09
2750,74,342,2007-09-09
2751,75,357,2007-09-09
2752,76,347,2007-09-09
2753,77,362,2007-09-09
2754,114,3158,2007-02-09
2755,79,1448,2007-09-09
2756,82,358,2007-09-09
2757,83,338,2007-09-09
2758,84,368,2007-09-09
2759,85,2978,2007-09-09
2760,87,1638,2007-09-09
2761,88,2818,2007-09-09
2762,90,1458,2007-09-09
2763,91,1498,2007-09-09
2764,93,362,2007-09-09
2765,94,359,2007-09-09
2766,95,1368,2007-09-09
2767,96,351,2007-09-09
2768,97,347,2007-09-09
2769,99,353,2007-09-09
2770,100,3018,2007-09-09
2771,101,1908,2007-09-09
2772,102,1828,2007-09-09
2773,104,1628,2007-09-09
2774,106,1698,2007-09-09
2775,107,344,2007-09-09
2776,108,367,2007-09-09
2777,109,1458,2007-09-09
2778,112,348,2007-09-09
2779,113,368,2007-09-09
2780,114,3158,2007-09-09
2781,116,1648,2007-09-09
2782,116,1648,2007-02-09
2783,117,349,2007-09-09
2784,119,1338,2007-09-09
2785,121,353,2007-09-09
2786,122,363,2007-09-09
2787,123,3248,2007-09-09
2788,124,1548,2007-09-09
2789,125,1818,2007-09-09
2790,126,1978,2007-09-09
2791,127,1618,2007-09-09
2792,128,1548,2007-09-09
2793,129,342,2007-09-09
2794,130,363,2007-09-09
2795,131,1208,2007-09-09
2796,133,350,2007-09-09
2797,134,342,2007-09-09
2798,135,2668,2007-09-09
2799,136,1458,2007-09-09
2800,137,363,2007-09-09
2801,138,2958,2007-09-09
2802,139,1478,2007-09-09
2803,140,362,2007-09-09
2804,141,1398,2007-09-09
2805,142,353,2007-09-09
2806,1,10248,2007-10-10
2807,43,4828,2007-10-10
2808,132,6098,2007-10-10
2809,146,5758,2007-10-10
2810,2,6648,2007-10-10
2811,52,4248,2007-10-10
2812,55,4248,2007-10-10
2813,57,3808,2007-10-10
2814,60,3438,2007-10-10
2815,62,4238,2007-10-10
2816,63,3348,2007-10-10
2817,67,4008,2007-10-10
2818,68,3628,2007-10-10
2819,70,4368,2007-10-10
2820,73,3358,2007-10-10
2821,78,4008,2007-10-10
2822,80,3648,2007-10-10
2823,81,3538,2007-10-10
2824,117,356,2007-02-09
2825,86,4318,2007-10-10
2826,89,4038,2007-10-10
2827,92,3348,2007-10-10
2828,103,4688,2007-10-10
2829,110,5968,2007-10-10
2830,111,6878,2007-10-10
2831,120,2668,2007-10-10
2832,144,1678,2007-10-10
2833,154,345,2007-10-10
2834,159,353,2007-10-10
2835,165,369,2007-10-10
2836,171,1558,2007-10-10
2837,2,6648,2007-02-09
2838,119,1338,2007-02-09
2839,201,359,2007-10-10
2840,204,344,2007-10-10
2841,3,3088,2007-10-10
2842,21,1538,2007-10-10
2843,26,369,2007-10-10
2844,31,3218,2007-10-10
2845,32,1508,2007-10-10
2846,33,1798,2007-10-10
2847,34,1808,2007-10-10
2848,36,1458,2007-10-10
2849,37,1618,2007-10-10
2850,39,365,2007-10-10
2851,40,364,2007-10-10
2852,41,340,2007-10-10
2853,44,1508,2007-10-10
2854,45,362,2007-10-10
2855,46,340,2007-10-10
2856,47,2758,2007-10-10
2857,48,1638,2007-10-10
2858,49,3118,2007-10-10
2859,50,1698,2007-10-10
2860,51,1598,2007-10-10
2861,121,342,2007-02-09
2862,53,1508,2007-10-10
2863,54,1568,2007-10-10
2864,122,340,2007-02-09
2865,56,368,2007-10-10
2866,58,357,2007-10-10
2867,59,347,2007-10-10
2868,61,1258,2007-10-10
2869,64,369,2007-10-10
2870,65,347,2007-10-10
2871,66,2948,2007-10-10
2872,154,355,2007-02-09
2873,69,1598,2007-10-10
2874,71,347,2007-10-10
2875,72,344,2007-10-10
2876,74,369,2007-10-10
2877,75,347,2007-10-10
2878,123,3248,2007-02-09
2879,76,350,2007-10-10
2880,77,342,2007-10-10
2881,79,1448,2007-10-10
2882,124,1548,2007-02-09
2883,125,1818,2007-02-09
2884,82,363,2007-10-10
2885,126,1978,2007-02-09
2886,83,339,2007-10-10
2887,84,363,2007-10-10
2888,85,2978,2007-10-10
2889,87,1638,2007-10-10
2890,88,2818,2007-10-10
2891,90,1458,2007-10-10
2892,91,1498,2007-10-10
2893,93,353,2007-10-10
2894,94,353,2007-10-10
2895,95,1368,2007-10-10
2896,96,343,2007-10-10
2897,97,358,2007-10-10
2898,99,368,2007-10-10
2899,100,3018,2007-10-10
2900,101,1908,2007-10-10
2901,102,1828,2007-10-10
2902,104,1628,2007-10-10
2903,106,1698,2007-10-10
2904,107,347,2007-10-10
2905,108,345,2007-10-10
2906,109,1458,2007-10-10
2907,127,1618,2007-02-09
2908,112,367,2007-10-10
2909,113,366,2007-10-10
2910,114,3158,2007-10-10
2911,159,363,2007-02-09
2912,116,1648,2007-10-10
2913,117,342,2007-10-10
2914,119,1338,2007-10-10
2915,128,1548,2007-02-09
2916,121,345,2007-10-10
2917,122,363,2007-10-10
2918,123,3248,2007-10-10
2919,124,1548,2007-10-10
2920,125,1818,2007-10-10
2921,126,1978,2007-10-10
2922,127,1618,2007-10-10
2923,128,1548,2007-10-10
2924,129,369,2007-10-10
2925,130,348,2007-10-10
2926,131,1208,2007-10-10
2927,133,360,2007-10-10
2928,134,359,2007-10-10
2929,135,2668,2007-10-10
2930,136,1458,2007-10-10
2931,137,368,2007-10-10
2932,138,2958,2007-10-10
2933,129,353,2007-02-09
2934,139,1478,2007-10-10
2935,140,340,2007-10-10
2936,141,1398,2007-10-10
2937,142,348,2007-10-10
2938,1,10248,2007-11-09
2939,43,4828,2007-11-09
2940,132,6098,2007-11-09
2941,146,5758,2007-11-09
2942,2,6648,2007-11-09
2943,52,4248,2007-11-09
2944,55,4248,2007-11-09
2945,57,3808,2007-11-09
2946,60,3438,2007-11-09
2947,62,4238,2007-11-09
2948,63,3348,2007-11-09
2949,67,4008,2007-11-09
2950,68,3628,2007-11-09
2951,70,4368,2007-11-09
2952,73,3358,2007-11-09
2953,78,4008,2007-11-09
2954,80,3648,2007-11-09
2955,81,3538,2007-11-09
2956,86,4318,2007-11-09
2957,89,4038,2007-11-09
2958,92,3348,2007-11-09
2959,103,4688,2007-11-09
2960,110,5968,2007-11-09
2961,111,6878,2007-11-09
2962,120,2668,2007-11-09
2963,144,1678,2007-11-09
2964,154,341,2007-11-09
2965,159,346,2007-11-09
2966,165,361,2007-11-09
2967,171,1558,2007-11-09
2968,130,353,2007-02-09
2969,201,355,2007-11-09
2970,204,369,2007-11-09
2971,3,3088,2007-11-09
2972,21,1538,2007-11-09
2973,26,344,2007-11-09
2974,31,3218,2007-11-09
2975,32,1508,2007-11-09
2976,33,1798,2007-11-09
2977,34,1808,2007-11-09
2978,131,1208,2007-02-09
2979,36,1458,2007-11-09
2980,37,1618,2007-11-09
2981,165,363,2007-02-09
2982,39,357,2007-11-09
2983,40,350,2007-11-09
2984,41,367,2007-11-09
2985,44,1508,2007-11-09
2986,45,355,2007-11-09
2987,46,345,2007-11-09
2988,47,2758,2007-11-09
2989,48,1638,2007-11-09
2990,49,3118,2007-11-09
2991,50,1698,2007-11-09
2992,51,1598,2007-11-09
2993,53,1508,2007-11-09
2994,54,1568,2007-11-09
2995,56,365,2007-11-09
2996,58,368,2007-11-09
2997,59,363,2007-11-09
2998,61,1258,2007-11-09
2999,64,360,2007-11-09
3000,65,341,2007-11-09
3001,66,2948,2007-11-09
3002,69,1598,2007-11-09
3003,71,360,2007-11-09
3004,72,352,2007-11-09
3005,74,357,2007-11-09
3006,75,358,2007-11-09
3007,76,355,2007-11-09
3008,77,339,2007-11-09
3009,133,351,2007-02-09
3010,79,1448,2007-11-09
3011,82,346,2007-11-09
3012,83,366,2007-11-09
3013,84,344,2007-11-09
3014,85,2978,2007-11-09
3015,87,1638,2007-11-09
3016,88,2818,2007-11-09
3017,134,360,2007-02-09
3018,90,1458,2007-11-09
3019,91,1498,2007-11-09
3020,171,1558,2007-02-09
3021,93,339,2007-11-09
3022,94,339,2007-11-09
3023,95,1368,2007-11-09
3024,96,338,2007-11-09
3025,97,354,2007-11-09
3026,99,362,2007-11-09
3027,100,3018,2007-11-09
3028,101,1908,2007-11-09
3029,102,1828,2007-11-09
3030,135,2668,2007-02-09
3031,104,1628,2007-11-09
3032,106,1698,2007-11-09
3033,136,1458,2007-02-09
3034,107,342,2007-11-09
3035,108,360,2007-11-09
3036,137,362,2007-02-09
3037,109,1458,2007-11-09
3038,138,2958,2007-02-09
3039,112,345,2007-11-09
3040,113,346,2007-11-09
3041,114,3158,2007-11-09
3042,116,1648,2007-11-09
3043,117,361,2007-11-09
3044,139,1478,2007-02-09
3045,119,1338,2007-11-09
3046,121,362,2007-11-09
3047,122,357,2007-11-09
3048,123,3248,2007-11-09
3049,124,1548,2007-11-09
3050,125,1818,2007-11-09
3051,126,1978,2007-11-09
3052,140,369,2007-02-09
3053,127,1618,2007-11-09
3054,128,1548,2007-11-09
3055,129,360,2007-11-09
3056,130,342,2007-11-09
3057,131,1208,2007-11-09
3058,141,1398,2007-02-09
3059,133,352,2007-11-09
3060,134,340,2007-11-09
3061,142,348,2007-02-09
3062,135,2668,2007-11-09
3063,136,1458,2007-11-09
3064,137,366,2007-11-09
3065,138,2958,2007-11-09
3066,139,1478,2007-11-09
3067,140,346,2007-11-09
3068,141,1398,2007-11-09
3069,142,360,2007-11-09
3070,1,10248,2007-12-10
3071,43,4828,2007-12-10
3072,132,6098,2007-12-10
3073,146,5758,2007-12-10
3074,2,6648,2007-12-10
3075,52,4248,2007-12-10
3076,1,10248,2007-03-12
3077,55,4248,2007-12-10
3078,57,3808,2007-12-10
3079,60,3438,2007-12-10
3080,62,4238,2007-12-10
3081,63,3348,2007-12-10
3082,67,4008,2007-12-10
3083,68,3628,2007-12-10
3084,70,4368,2007-12-10
3085,73,3358,2007-12-10
3086,78,4008,2007-12-10
3087,43,4828,2007-03-12
3088,80,3648,2007-12-10
3089,81,3538,2007-12-10
3090,86,4318,2007-12-10
3091,89,4038,2007-12-10
3092,92,3348,2007-12-10
3093,103,4688,2007-12-10
3094,110,5968,2007-12-10
3095,111,6878,2007-12-10
3096,132,6098,2007-03-12
3097,120,2668,2007-12-10
3098,146,5758,2007-03-12
3099,144,1678,2007-12-10
3100,2,6648,2007-03-12
3101,154,351,2007-12-10
3102,159,349,2007-12-10
3103,165,356,2007-12-10
3104,171,1558,2007-12-10
3105,201,347,2007-12-10
3106,204,342,2007-12-10
3107,3,3088,2007-12-10
3108,52,4248,2007-03-12
3109,21,1538,2007-12-10
3110,26,359,2007-12-10
3111,55,4248,2007-03-12
3112,57,3808,2007-03-12
3113,60,3438,2007-03-12
3114,62,4238,2007-03-12
3115,31,3218,2007-12-10
3116,63,3348,2007-03-12
3117,32,1508,2007-12-10
3118,33,1798,2007-12-10
3119,34,1808,2007-12-10
3120,36,1458,2007-12-10
3121,37,1618,2007-12-10
3122,67,4008,2007-03-12
3123,39,359,2007-12-10
3124,40,346,2007-12-10
3125,68,3628,2007-03-12
3126,41,366,2007-12-10
3127,70,4368,2007-03-12
3128,73,3358,2007-03-12
3129,44,1508,2007-12-10
3130,78,4008,2007-03-12
3131,45,354,2007-12-10
3132,46,351,2007-12-10
3133,80,3648,2007-03-12
3134,47,2758,2007-12-10
3135,48,1638,2007-12-10
3136,49,3118,2007-12-10
3137,50,1698,2007-12-10
3138,51,1598,2007-12-10
3139,81,3538,2007-03-12
3140,53,1508,2007-12-10
3141,54,1568,2007-12-10
3142,86,4318,2007-03-12
3143,56,344,2007-12-10
3144,89,4038,2007-03-12
3145,58,345,2007-12-10
3146,59,354,2007-12-10
3147,92,3348,2007-03-12
3148,61,1258,2007-12-10
3149,103,4688,2007-03-12
3150,64,365,2007-12-10
3151,65,359,2007-12-10
3152,66,2948,2007-12-10
3153,69,1598,2007-12-10
3154,110,5968,2007-03-12
3155,111,6878,2007-03-12
3156,71,356,2007-12-10
3157,72,353,2007-12-10
3158,74,355,2007-12-10
3159,75,366,2007-12-10
3160,76,365,2007-12-10
3161,77,355,2007-12-10
3162,120,2668,2007-03-12
3163,79,1448,2007-12-10
3164,82,362,2007-12-10
3165,83,339,2007-12-10
3166,84,344,2007-12-10
3167,85,2978,2007-12-10
3168,87,1638,2007-12-10
3169,88,2818,2007-12-10
3170,90,1458,2007-12-10
3171,91,1498,2007-12-10
3172,93,349,2007-12-10
3173,94,354,2007-12-10
3174,95,1368,2007-12-10
3175,96,346,2007-12-10
3176,97,345,2007-12-10
3177,99,364,2007-12-10
3178,100,3018,2007-12-10
3179,101,1908,2007-12-10
3180,102,1828,2007-12-10
3181,104,1628,2007-12-10
3182,106,1698,2007-12-10
3183,144,1678,2007-03-12
3184,107,363,2007-12-10
3185,108,344,2007-12-10
3186,109,1458,2007-12-10
3187,112,363,2007-12-10
3188,113,353,2007-12-10
3189,114,3158,2007-12-10
3190,116,1648,2007-12-10
3191,117,356,2007-12-10
3192,119,1338,2007-12-10
3193,121,338,2007-12-10
3194,122,362,2007-12-10
3195,154,344,2007-03-12
3196,123,3248,2007-12-10
3197,124,1548,2007-12-10
3198,125,1818,2007-12-10
3199,126,1978,2007-12-10
3200,127,1618,2007-12-10
3201,159,361,2007-03-12
3202,128,1548,2007-12-10
3203,129,367,2007-12-10
3204,130,363,2007-12-10
3205,131,1208,2007-12-10
3206,165,348,2007-03-12
3207,133,348,2007-12-10
3208,134,356,2007-12-10
3209,171,1558,2007-03-12
3210,135,2668,2007-12-10
3211,136,1458,2007-12-10
3212,137,341,2007-12-10
3213,138,2958,2007-12-10
3214,139,1478,2007-12-10
3215,140,352,2007-12-10
3216,141,1398,2007-12-10
3217,142,353,2007-12-10
3218,1,10248,2008-01-09
3219,43,4828,2008-01-09
3220,132,6098,2008-01-09
3221,146,5758,2008-01-09
3222,2,6648,2008-01-09
3223,52,4248,2008-01-09
3224,55,4248,2008-01-09
3225,57,3808,2008-01-09
3226,60,3438,2008-01-09
3227,62,4238,2008-01-09
3228,63,3348,2008-01-09
3229,67,4008,2008-01-09
3230,68,3628,2008-01-09
3231,70,4368,2008-01-09
3232,73,3358,2008-01-09
3233,78,4008,2008-01-09
3234,80,3648,2008-01-09
3235,81,3538,2008-01-09
3236,86,4318,2008-01-09
3237,89,4038,2008-01-09
3238,92,3348,2008-01-09
3239,103,4688,2008-01-09
3240,110,5968,2008-01-09
3241,111,6878,2008-01-09
3242,120,2668,2008-01-09
3243,144,1678,2008-01-09
3244,154,365,2008-01-09
3245,159,341,2008-01-09
3246,165,361,2008-01-09
3247,171,1558,2008-01-09
3248,201,341,2008-01-09
3249,204,357,2008-01-09
3250,3,3088,2008-01-09
3251,21,1538,2008-01-09
3252,26,351,2008-01-09
3253,31,3218,2008-01-09
3254,32,1508,2008-01-09
3255,33,1798,2008-01-09
3256,34,1808,2008-01-09
3257,201,366,2007-03-12
3258,36,1458,2008-01-09
3259,37,1618,2008-01-09
3260,204,365,2007-03-12
3261,39,357,2008-01-09
3262,40,362,2008-01-09
3263,41,352,2008-01-09
3264,3,3088,2007-03-12
3265,44,1508,2008-01-09
3266,45,361,2008-01-09
3267,46,353,2008-01-09
3268,47,2758,2008-01-09
3269,48,1638,2008-01-09
3270,49,3118,2008-01-09
3271,50,1698,2008-01-09
3272,51,1598,2008-01-09
3273,53,1508,2008-01-09
3274,54,1568,2008-01-09
3275,56,355,2008-01-09
3276,58,363,2008-01-09
3277,59,338,2008-01-09
3278,61,1258,2008-01-09
3279,64,367,2008-01-09
3280,65,369,2008-01-09
3281,66,2948,2008-01-09
3282,69,1598,2008-01-09
3283,71,367,2008-01-09
3284,21,1538,2007-03-12
3285,72,345,2008-01-09
3286,74,350,2008-01-09
3287,75,348,2008-01-09
3288,76,345,2008-01-09
3289,77,356,2008-01-09
3290,79,1448,2008-01-09
3291,82,339,2008-01-09
3292,83,364,2008-01-09
3293,84,353,2008-01-09
3294,85,2978,2008-01-09
3295,87,1638,2008-01-09
3296,88,2818,2008-01-09
3297,90,1458,2008-01-09
3298,91,1498,2008-01-09
3299,26,346,2007-03-12
3300,93,349,2008-01-09
3301,94,340,2008-01-09
3302,95,1368,2008-01-09
3303,96,351,2008-01-09
3304,97,345,2008-01-09
3305,99,363,2008-01-09
3306,100,3018,2008-01-09
3307,101,1908,2008-01-09
3308,102,1828,2008-01-09
3309,104,1628,2008-01-09
3310,106,1698,2008-01-09
3311,107,344,2008-01-09
3312,108,350,2008-01-09
3313,109,1458,2008-01-09
3314,112,343,2008-01-09
3315,113,342,2008-01-09
3316,114,3158,2008-01-09
3317,116,1648,2008-01-09
3318,117,369,2008-01-09
3319,119,1338,2008-01-09
3320,121,355,2008-01-09
3321,122,344,2008-01-09
3322,123,3248,2008-01-09
3323,124,1548,2008-01-09
3324,125,1818,2008-01-09
3325,126,1978,2008-01-09
3326,127,1618,2008-01-09
3327,128,1548,2008-01-09
3328,129,365,2008-01-09
3329,130,362,2008-01-09
3330,131,1208,2008-01-09
3331,133,347,2008-01-09
3332,134,353,2008-01-09
3333,135,2668,2008-01-09
3334,136,1458,2008-01-09
3335,137,365,2008-01-09
3336,138,2958,2008-01-09
3337,139,1478,2008-01-09
3338,140,341,2008-01-09
3339,141,1398,2008-01-09
3340,142,365,2008-01-09
3341,1,10458,2008-02-09
3342,43,5038,2008-02-09
3343,132,6358,2008-02-09
3344,146,6258,2008-02-09
3345,167,3678,2008-02-09
3346,186,3398,2008-02-09
3347,2,6928,2008-02-09
3348,19,3958,2008-02-09
3349,25,3928,2008-02-09
3350,27,3548,2008-02-09
3351,28,3928,2008-02-09
3352,29,4558,2008-02-09
3353,30,3508,2008-02-09
3354,35,3658,2008-02-09
3355,38,3888,2008-02-09
3356,42,3918,2008-02-09
3357,52,4298,2008-02-09
3358,55,4568,2008-02-09
3359,57,4098,2008-02-09
3360,60,3548,2008-02-09
3361,62,4468,2008-02-09
3362,63,3608,2008-02-09
3363,67,4318,2008-02-09
3364,68,3788,2008-02-09
3365,70,4418,2008-02-09
3366,73,3428,2008-02-09
3367,78,4228,2008-02-09
3368,80,3888,2008-02-09
3369,81,3618,2008-02-09
3370,86,4498,2008-02-09
3371,89,4128,2008-02-09
3372,92,3638,2008-02-09
3373,98,4478,2008-02-09
3374,103,4888,2008-02-09
3375,105,5328,2008-02-09
3376,110,6158,2008-02-09
3377,111,7478,2008-02-09
3378,115,6128,2008-02-09
3379,118,7218,2008-02-09
3380,120,2808,2008-02-09
3381,144,1748,2008-02-09
3382,154,367,2008-02-09
3383,159,359,2008-02-09
3384,165,356,2008-02-09
3385,171,1578,2008-02-09
3386,201,347,2008-02-09
3387,204,345,2008-02-09
3388,3,3188,2008-02-09
3389,21,1578,2008-02-09
3390,26,362,2008-02-09
3391,31,3218,2007-03-12
3392,31,3258,2008-02-09
3393,32,1638,2008-02-09
3394,33,1938,2008-02-09
3395,34,1848,2008-02-09
3396,32,1508,2007-03-12
3397,36,1558,2008-02-09
3398,37,1708,2008-02-09
3399,33,1798,2007-03-12
3400,39,339,2008-02-09
3401,40,356,2008-02-09
3402,41,365,2008-02-09
3403,34,1808,2007-03-12
3404,44,1548,2008-02-09
3405,201,340,2007-02-09
3406,45,344,2008-02-09
3407,46,362,2008-02-09
3408,47,2938,2008-02-09
3409,48,1748,2008-02-09
3410,49,3398,2008-02-09
3411,50,1738,2008-02-09
3412,51,1638,2008-02-09
3413,53,1548,2008-02-09
3414,54,1638,2008-02-09
3415,56,355,2008-02-09
3416,36,1458,2007-03-12
3417,58,340,2008-02-09
3418,59,361,2008-02-09
3419,37,1618,2007-03-12
3420,61,1358,2008-02-09
3421,64,347,2008-02-09
3422,65,347,2008-02-09
3423,66,2978,2008-02-09
3424,69,1738,2008-02-09
3425,204,358,2007-02-09
3426,71,346,2008-02-09
3427,72,357,2008-02-09
3428,74,350,2008-02-09
3429,75,354,2008-02-09
3430,76,345,2008-02-09
3431,77,361,2008-02-09
3432,79,1528,2008-02-09
3433,39,352,2007-03-12
3434,82,365,2008-02-09
3435,83,338,2008-02-09
3436,84,360,2008-02-09
3437,40,353,2007-03-12
3438,85,3168,2008-02-09
3439,87,1708,2008-02-09
3440,88,2968,2008-02-09
3441,90,1528,2008-02-09
3442,91,1568,2008-02-09
3443,41,360,2007-03-12
3444,93,349,2008-02-09
3445,94,347,2008-02-09
3446,95,1428,2008-02-09
3447,3,3088,2007-02-09
3448,96,340,2008-02-09
3449,97,353,2008-02-09
3450,99,348,2008-02-09
3451,100,3118,2008-02-09
3452,101,1968,2008-02-09
3453,102,1928,2008-02-09
3454,104,1688,2008-02-09
3455,106,1738,2008-02-09
3456,107,354,2008-02-09
3457,108,349,2008-02-09
3458,109,1508,2008-02-09
3459,112,369,2008-02-09
3460,113,367,2008-02-09
3461,114,3198,2008-02-09
3462,116,1668,2008-02-09
3463,117,342,2008-02-09
3464,119,1368,2008-02-09
3465,121,351,2008-02-09
3466,122,359,2008-02-09
3467,123,3348,2008-02-09
3468,124,1598,2008-02-09
3469,125,1938,2008-02-09
3470,126,1998,2008-02-09
3471,127,1638,2008-02-09
3472,128,1568,2008-02-09
3473,129,353,2008-02-09
3474,130,362,2008-02-09
3475,131,1318,2008-02-09
3476,133,344,2008-02-09
3477,44,1508,2007-03-12
3478,134,351,2008-02-09
3479,135,2878,2008-02-09
3480,136,1528,2008-02-09
3481,137,342,2008-02-09
3482,138,3028,2008-02-09
3483,139,1528,2008-02-09
3484,140,344,2008-02-09
3485,141,1448,2008-02-09
3486,142,351,2008-02-09
3487,143,2868,2008-02-09
3488,145,1718,2008-02-09
3489,45,369,2007-03-12
3490,46,347,2007-03-12
3491,147,3138,2008-02-09
3492,148,1648,2008-02-09
3493,149,247,2008-02-09
3494,150,1388,2008-02-09
3495,151,3048,2008-02-09
3496,152,1638,2008-02-09
3497,153,59,2008-02-09
3498,155,1378,2008-02-09
3499,156,56,2008-02-09
3500,157,3338,2008-02-09
3501,158,1658,2008-02-09
3502,160,1598,2008-02-09
3503,161,1668,2008-02-09
3504,47,2758,2007-03-12
3505,162,56,2008-02-09
3506,48,1638,2007-03-12
3507,163,56,2008-02-09
3508,164,59,2008-02-09
3509,166,1408,2008-02-09
3510,49,3118,2007-03-12
3511,168,59,2008-02-09
3512,169,59,2008-02-09
3513,50,1698,2007-03-12
3514,170,59,2008-02-09
3515,51,1598,2007-03-12
3516,172,2638,2008-02-09
3517,173,1908,2008-02-09
3518,174,1608,2008-02-09
3519,175,1628,2008-02-09
3520,176,59,2008-02-09
3521,177,57,2008-02-09
3522,178,1758,2008-02-09
3523,179,56,2008-02-09
3524,180,59,2008-02-09
3525,181,56,2008-02-09
3526,182,3358,2008-02-09
3527,183,1598,2008-02-09
3528,184,2668,2008-02-09
3529,185,1648,2008-02-09
3530,187,58,2008-02-09
3531,188,59,2008-02-09
3532,189,58,2008-02-09
3533,53,1508,2007-03-12
3534,190,1368,2008-02-09
3535,191,58,2008-02-09
3536,192,57,2008-02-09
3537,54,1568,2007-03-12
3538,193,3008,2008-02-09
3539,194,1918,2008-02-09
3540,195,1978,2008-02-09
3541,196,1778,2008-02-09
3542,197,1598,2008-02-09
3543,198,1698,2008-02-09
3544,199,57,2008-02-09
3545,200,57,2008-02-09
3546,202,60,2008-02-09
3547,203,59,2008-02-09
3548,56,364,2007-03-12
3549,205,1708,2008-02-09
3550,4,57,2008-02-09
3551,5,59,2008-02-09
3552,6,57,2008-02-09
3553,7,3048,2008-02-09
3554,8,1848,2008-02-09
3555,9,1988,2008-02-09
3556,10,1758,2008-02-09
3557,11,1678,2008-02-09
3558,12,58,2008-02-09
3559,13,58,2008-02-09
3560,14,1628,2008-02-09
3561,15,56,2008-02-09
3562,16,57,2008-02-09
3563,17,2738,2008-02-09
3564,18,1618,2008-02-09
3565,58,340,2007-03-12
3566,20,1408,2008-02-09
3567,59,367,2007-03-12
3568,22,3418,2008-02-09
3569,23,1728,2008-02-09
3570,24,59,2008-02-09
3571,1,10458,2008-03-12
3572,43,5038,2008-03-12
3573,132,6358,2008-03-12
3574,146,6258,2008-03-12
3575,167,3678,2008-03-12
3576,186,3398,2008-03-12
3577,2,6928,2008-03-12
3578,19,3958,2008-03-12
3579,25,3928,2008-03-12
3580,27,3548,2008-03-12
3581,28,3928,2008-03-12
3582,29,4558,2008-03-12
3583,30,3508,2008-03-12
3584,35,3658,2008-03-12
3585,38,3888,2008-03-12
3586,42,3918,2008-03-12
3587,52,4298,2008-03-12
3588,55,4568,2008-03-12
3589,57,4098,2008-03-12
3590,60,3548,2008-03-12
3591,62,4468,2008-03-12
3592,63,3608,2008-03-12
3593,67,4318,2008-03-12
3594,68,3788,2008-03-12
3595,70,4418,2008-03-12
3596,73,3428,2008-03-12
3597,78,4228,2008-03-12
3598,61,1258,2007-03-12
3599,80,3888,2008-03-12
3600,81,3618,2008-03-12
3601,86,4498,2008-03-12
3602,89,4128,2008-03-12
3603,92,3638,2008-03-12
3604,98,4478,2008-03-12
3605,103,4888,2008-03-12
3606,105,5328,2008-03-12
3607,110,6158,2008-03-12
3608,111,7478,2008-03-12
3609,115,6128,2008-03-12
3610,118,7218,2008-03-12
3611,120,2808,2008-03-12
3612,144,1748,2008-03-12
3613,154,369,2008-03-12
3614,159,346,2008-03-12
3615,165,365,2008-03-12
3616,171,1578,2008-03-12
3617,201,351,2008-03-12
3618,204,352,2008-03-12
3619,3,3188,2008-03-12
3620,21,1578,2008-03-12
3621,26,358,2008-03-12
3622,31,3258,2008-03-12
3623,32,1638,2008-03-12
3624,33,1938,2008-03-12
3625,34,1848,2008-03-12
3626,36,1558,2008-03-12
3627,37,1708,2008-03-12
3628,39,359,2008-03-12
3629,40,351,2008-03-12
3630,41,359,2008-03-12
3631,44,1548,2008-03-12
3632,45,339,2008-03-12
3633,64,369,2007-03-12
3634,46,344,2008-03-12
3635,47,2938,2008-03-12
3636,48,1748,2008-03-12
3637,49,3398,2008-03-12
3638,50,1738,2008-03-12
3639,51,1638,2008-03-12
3640,53,1548,2008-03-12
3641,54,1638,2008-03-12
3642,65,367,2007-03-12
3643,56,363,2008-03-12
3644,66,2948,2007-03-12
3645,58,362,2008-03-12
3646,59,359,2008-03-12
3647,61,1358,2008-03-12
3648,64,348,2008-03-12
3649,65,351,2008-03-12
3650,66,2978,2008-03-12
3651,69,1738,2008-03-12
3652,71,361,2008-03-12
3653,72,349,2008-03-12
3654,74,340,2008-03-12
3655,75,368,2008-03-12
3656,76,358,2008-03-12
3657,77,343,2008-03-12
3658,79,1528,2008-03-12
3659,82,368,2008-03-12
3660,83,367,2008-03-12
3661,84,363,2008-03-12
3662,85,3168,2008-03-12
3663,87,1708,2008-03-12
3664,88,2968,2008-03-12
3665,90,1528,2008-03-12
3666,91,1568,2008-03-12
3667,93,341,2008-03-12
3668,94,362,2008-03-12
3669,69,1598,2007-03-12
3670,95,1428,2008-03-12
3671,96,347,2008-03-12
3672,97,350,2008-03-12
3673,99,356,2008-03-12
3674,100,3118,2008-03-12
3675,101,1968,2008-03-12
3676,102,1928,2008-03-12
3677,104,1688,2008-03-12
3678,106,1738,2008-03-12
3679,52,4248,2007-02-09
3680,107,359,2008-03-12
3681,108,364,2008-03-12
3682,109,1508,2008-03-12
3683,112,343,2008-03-12
3684,113,342,2008-03-12
3685,114,3198,2008-03-12
3686,116,1668,2008-03-12
3687,117,358,2008-03-12
3688,119,1368,2008-03-12
3689,71,346,2007-03-12
3690,121,365,2008-03-12
3691,122,355,2008-03-12
3692,123,3348,2008-03-12
3693,124,1598,2008-03-12
3694,125,1938,2008-03-12
3695,126,1998,2008-03-12
3696,21,1538,2007-02-09
3697,127,1638,2008-03-12
3698,128,1568,2008-03-12
3699,129,339,2008-03-12
3700,72,350,2007-03-12
3701,130,346,2008-03-12
3702,131,1318,2008-03-12
3703,74,359,2007-03-12
3704,133,357,2008-03-12
3705,134,350,2008-03-12
3706,135,2878,2008-03-12
3707,136,1528,2008-03-12
3708,137,343,2008-03-12
3709,138,3028,2008-03-12
3710,75,360,2007-03-12
3711,139,1528,2008-03-12
3712,140,366,2008-03-12
3713,76,366,2007-03-12
3714,141,1448,2008-03-12
3715,142,356,2008-03-12
3716,143,2868,2008-03-12
3717,77,367,2007-03-12
3718,145,1718,2008-03-12
3719,147,3138,2008-03-12
3720,79,1448,2007-03-12
3721,148,1648,2008-03-12
3722,149,255,2008-03-12
3723,150,1388,2008-03-12
3724,151,3048,2008-03-12
3725,152,1638,2008-03-12
3726,153,58,2008-03-12
3727,155,1378,2008-03-12
3728,156,58,2008-03-12
3729,157,3338,2008-03-12
3730,158,1658,2008-03-12
3731,160,1598,2008-03-12
3732,161,1668,2008-03-12
3733,162,59,2008-03-12
3734,163,59,2008-03-12
3735,164,59,2008-03-12
3736,166,1408,2008-03-12
3737,168,57,2008-03-12
3738,169,58,2008-03-12
3739,170,58,2008-03-12
3740,172,2638,2008-03-12
3741,173,1908,2008-03-12
3742,174,1608,2008-03-12
3743,175,1628,2008-03-12
3744,176,60,2008-03-12
3745,177,58,2008-03-12
3746,178,1758,2008-03-12
3747,179,57,2008-03-12
3748,180,57,2008-03-12
3749,181,57,2008-03-12
3750,182,3358,2008-03-12
3751,183,1598,2008-03-12
3752,184,2668,2008-03-12
3753,185,1648,2008-03-12
3754,187,58,2008-03-12
3755,188,58,2008-03-12
3756,82,363,2007-03-12
3757,189,59,2008-03-12
3758,190,1368,2008-03-12
3759,191,60,2008-03-12
3760,192,57,2008-03-12
3761,193,3008,2008-03-12
3762,194,1918,2008-03-12
3763,195,1978,2008-03-12
3764,196,1778,2008-03-12
3765,197,1598,2008-03-12
3766,198,1698,2008-03-12
3767,83,349,2007-03-12
3768,199,57,2008-03-12
3769,200,57,2008-03-12
3770,84,354,2007-03-12
3771,202,56,2008-03-12
3772,85,2978,2007-03-12
3773,203,58,2008-03-12
3774,87,1638,2007-03-12
3775,205,1708,2008-03-12
3776,4,60,2008-03-12
3777,88,2818,2007-03-12
3778,5,59,2008-03-12
3779,6,59,2008-03-12
3780,7,3048,2008-03-12
3781,8,1848,2008-03-12
3782,9,1988,2008-03-12
3783,10,1758,2008-03-12
3784,11,1678,2008-03-12
3785,12,59,2008-03-12
3786,13,60,2008-03-12
3787,14,1628,2008-03-12
3788,15,57,2008-03-12
3789,16,58,2008-03-12
3790,17,2738,2008-03-12
3791,18,1618,2008-03-12
3792,90,1458,2007-03-12
3793,91,1498,2007-03-12
3794,20,1408,2008-03-12
3795,22,3418,2008-03-12
3796,23,1728,2008-03-12
3797,24,56,2008-03-12
3798,1,10458,2008-04-09
3799,43,5038,2008-04-09
3800,132,6358,2008-04-09
3801,146,6258,2008-04-09
3802,167,3678,2008-04-09
3803,186,3398,2008-04-09
3804,2,6928,2008-04-09
3805,19,3958,2008-04-09
3806,25,3928,2008-04-09
3807,27,3548,2008-04-09
3808,28,3928,2008-04-09
3809,29,4558,2008-04-09
3810,30,3508,2008-04-09
3811,35,3658,2008-04-09
3812,38,3888,2008-04-09
3813,42,3918,2008-04-09
3814,52,4298,2008-04-09
3815,55,4568,2008-04-09
3816,57,4098,2008-04-09
3817,60,3548,2008-04-09
3818,62,4468,2008-04-09
3819,63,3608,2008-04-09
3820,67,4318,2008-04-09
3821,68,3788,2008-04-09
3822,70,4418,2008-04-09
3823,73,3428,2008-04-09
3824,78,4228,2008-04-09
3825,80,3888,2008-04-09
3826,81,3618,2008-04-09
3827,86,4498,2008-04-09
3828,89,4128,2008-04-09
3829,92,3638,2008-04-09
3830,98,4478,2008-04-09
3831,103,4888,2008-04-09
3832,105,5328,2008-04-09
3833,110,6158,2008-04-09
3834,111,7478,2008-04-09
3835,115,6128,2008-04-09
3836,118,7218,2008-04-09
3837,120,2808,2008-04-09
3838,144,1748,2008-04-09
3839,154,359,2008-04-09
3840,159,343,2008-04-09
3841,165,349,2008-04-09
3842,171,1578,2008-04-09
3843,201,355,2008-04-09
3844,26,369,2007-02-09
3845,204,346,2008-04-09
3846,3,3188,2008-04-09
3847,21,1578,2008-04-09
3848,26,353,2008-04-09
3849,93,341,2007-03-12
3850,94,345,2007-03-12
3851,31,3258,2008-04-09
3852,32,1638,2008-04-09
3853,33,1938,2008-04-09
3854,34,1848,2008-04-09
3855,36,1558,2008-04-09
3856,37,1708,2008-04-09
3857,39,342,2008-04-09
3858,40,346,2008-04-09
3859,41,364,2008-04-09
3860,44,1548,2008-04-09
3861,45,366,2008-04-09
3862,46,357,2008-04-09
3863,47,2938,2008-04-09
3864,48,1748,2008-04-09
3865,49,3398,2008-04-09
3866,50,1738,2008-04-09
3867,51,1638,2008-04-09
3868,53,1548,2008-04-09
3869,54,1638,2008-04-09
3870,56,356,2008-04-09
3871,58,358,2008-04-09
3872,59,355,2008-04-09
3873,61,1358,2008-04-09
3874,64,344,2008-04-09
3875,65,359,2008-04-09
3876,66,2978,2008-04-09
